{
  "code": "",
  "email": "madhan@apache.org",
  "name": "Madhan Neethiraj",
  "project": "Apache/Altlas",
  "first_commit": "2016",
  "cqs": [
    {
      "td_type": "Design Debt",
      "td_issue": "Cognitive Complexity of methods should not be too high",
      "commit": {
        "hash": "f8cb6f76cc8851848225ea35417bebdbc85ad6f7",
        "msg": "ATLAS-3492: updated object-id attributes in audit logs to replace unassigned-guids with assigned-guids",
        "file": "EntityGraphMapper.java",
        "lang": "java",
        "diff": [
	" - private static void setAssignedGuid(Object val, Map<String, String> guidAssignements) {",
        	" - if (val != null && MapUtils.isNotEmpty(guidAssignements)) {",
            	" - if (val instanceof AtlasObjectId) {",
                " - AtlasObjectId objId = (AtlasObjectId) val;",
                " - String guid  = objId.getGuid();",
    	" + private static void setAssignedGuid(Object val, EntityMutationContext context) {",
        	" + if (val != null) {",
            	" + Map<String, String> guidAssignements = context.getGuidAssignments();",
                " - if (StringUtils.isNotEmpty(guid) && !AtlasTypeUtil.isAssignedGuid(guid)) {",
                " - String assignedGuid = guidAssignements.get(guid);",
            	" + if (val instanceof AtlasObjectId) {",
                " + AtlasObjectId objId = (AtlasObjectId) val;",
                " + String guid = objId.getGuid();",
                " + String assignedGuid = null;"
        ]
      }
    }
  ]
}