{
  "code": "",
  "email": "nixon@apache.org",
  "name": "nixonrodrigues",
  "project": "Apache/Altlas",
  "first_commit": "2017",
  "cqs": [
    {
      "td_type": "Defect Debt",
      "td_issue": "Raw types should not be used",
      "commit": {
        "hash": "024f5d52d0a972616362ac9b15ed7a417384026f",
        "msg": "Revert \"\"ATLAS-3320: Import Service. Support concurrent ingest.\"\"",
        "file": "EntityCreationManager.java",
        "lang": "java",
        "diff": [
	" - public int read(EntityImportStream entityStream) {",
        	" - int currentIndex = 0;",
        	" - AtlasEntity.AtlasEntityWithExtInfo entityWithExtInfo;",
        	" - while ((entityWithExtInfo = entityStream.getNextEntityWithExtInfo()) != null) {",
            	" - AtlasEntity entity = entityWithExtInfo != null ? entityWithExtInfo.getEntity() : null;",
            	" - if (entity == null) {",
                " - continue;",
            	" - }"
        ]
      }
    }
  ]
}