{
  "code": "",
  "email": "skoritala@cloudera.com",
  "name": "skoritala",
  "project": "Apache/Altlas",
  "first_commit": "2019",
  "cqs": [
    {
      "td_type": "Design Debt",
      "td_issue": "Cognitive Complexity of methods should not be too high",
      "commit": {
        "hash": "a7d8044920a81f3dbb0b8e688ddecf68505998f8",
        "msg": "ATLAS-3308: enhanced Quicksearch API to support parameters via POST method",
        "file": "SearchAggregatorImpl.java",
        "lang": "java",
        "diff": [
	" - // remove entries with 0 counts",
            	" - for (List<AtlasAggregationEntry> entries : aggregatedMetrics.values()) {",
                " - for (ListIterator<AtlasAggregationEntry> iter = entries.listIterator(); iter.hasNext(); ) {",
                " - AtlasAggregationEntry entry = iter.next();",
                " - if (entry.getCount() <= 0) {",
                " - iter.remove();",
                " - }",
                " - }",
            	" - }"
        ]
      }
    }
  ]
}