{
  "code": "",
  "email": "mandar.ambawane@freestoneinfotech.com",
  "name": "Mandar Ambawane",
  "project": "Apache/Altlas",
  "first_commit": "2019",
  "cqs": [
    {
      "td_type": "Design Debt",
      "td_issue": "Cognitive Complexity of methods should not be too high",
      "commit": {
        "hash": "80135a8dbedfbaff444267681aa13d958e867c7e",
        "msg": "ATLAS-3689: added entity-audit entries on business attributes add/update/delete to an entity",
        "file": "EntityGraphMapper.java",
        "lang": "java",
        "diff": [
    	" - private void updateLabels(AtlasVertex vertex, Set<String> labels) {",
        	" - if (CollectionUtils.isNotEmpty(labels)) {",
            	" - AtlasGraphUtilsV2.setEncodedProperty(vertex, LABELS_PROPERTY_KEY, getLabelString(labels));",
        	" - } else {",
            	" - vertex.removeProperty(LABELS_PROPERTY_KEY);",
        	" - }",
    	" - }",
    	" - private String getLabelString(Collection<String> labels) {",
        	" - String ret = null;",
        	" - if (!labels.isEmpty()) {",
            	" - ret = LABEL_NAME_DELIMITER + String.join(LABEL_NAME_DELIMITER, labels) + LABEL_NAME_DELIMITER;",
        	" - }",
        	" - return ret;",
    	" -}"
        ]
      }
    }
  ]
}