{
  "code": "",
  "email": "daniel.markwat@gmail.com",
  "name": "Dan Markwat",
  "project": "Apache/Altlas",
  "first_commit": "2014",
  "cqs": [
    {
      "td_type": "Code Debt",
      "td_issue": "Sections of code should not be commented out",
      "commit": {
        "hash": "caac858f4218a9b2c3e9e742c3dd2ff5268eb233",
        "msg": "Sweeping changes to the Service implementations.",
        "file": "TitanGraphService.java",
        "lang": "java",
        "diff": [
	" @Inject",
	" TitanGraphService(GraphProvider<TitanGraph> graph) throws ConfigurationException {",
	" + // TODO reimplement to save the Provider and initialize the graph inside the start() method",
	" this.titanGraph = graph.get();",
	" - // TODO decouple from Service class and run start() here",
	" - // can use a shutdown hook to run the stop() method",
	" - // this.start();",
	" -}"
        ]
      }
    },
   {
      "td_type": "Defect Debt",
      "td_issue": "Methods should not be empty",
      "commit": {
        "hash": "caac858f4218a9b2c3e9e742c3dd2ff5268eb233",
        "msg": "Sweeping changes to the Service implementations.",
        "file": "GraphBackedMetadataRepositoryService.java",
        "lang": "java",
        "diff": [
    	" - @Override",
    	" - public void start() throws Exception {",
    	" - }"
        ]
      }
    }
  ]
}