{
  "code": "",
  "email": "lma@cloudera.com",
  "name": "Le Ma",
  "project": "Apache/Atlas",
  "first_commit": "2019",
  "cqs": [
    {
      "td_type": "Code Debt",
      "td_issue": "Unused \"private\" methods should be removed",
      "commit": {
        "hash": "5932b1af358288b07f382b40939b48150f844fd6",
        "msg": "ATLAS-3482 Enhance basic search to enable search on entity system attributes",
        "file": "SearchContext.java",
        "lang": "java",
        "diff": [
	" @@ -285,7 +282,7 @@ private void validateAttributes(final AtlasStructType structType, final String..",
        	" }",
    	" }",
    	" - private boolean hasAttributeFilter(FilterCriteria filterCriteria) {",
    	" + public boolean hasAttributeFilter(FilterCriteria filterCriteria) {",
        	" return filterCriteria != null &&",
                " (CollectionUtils.isNotEmpty(filterCriteria.getCriterion()) || StringUtils.isNotEmpty(filterCriteria.getAttributeName()));",
    	" }"
        ]
      }
    }
  ]
}