{
  "code": "",
  "email": "amestry@cloudera.com",
  "name": "Ashutosh Mestry",
  "project": "Apache/Altlas",
  "first_commit": "2017",
  "cqs": [
    {
      "td_type": "Defect Debt",
      "td_issue": "Raw types should not be used",
      "commit": {
        "hash": "2b38550b88ea201a3bd9169c44c0ede900ec1dd8",
        "msg": "ATLAS-3737: Refactoring: Support multiple instances of AtlasGraph",
        "file": "EntityConsumer.java",
        "lang": "java",
        "diff": [
        	" - for (AtlasEntity.AtlasEntityWithExtInfo e : entityBuffer) {",
        	" + List<AtlasEntity.AtlasEntityWithExtInfo> localBuffer = new ArrayList<>(entityBuffer);",
        	" + entityBuffer.clear();"
        ]
      }
    }
  ]
}