{
  "code": "",
  "email": "nikhil.bonte@freestoneinfotech.com",
  "name": "Nikhil Bonte",
  "project": "Apache/Altlas",
  "first_commit": "2018",
  "cqs": [
    {
      "td_type": "Defect Debt",
      "td_issue": "Methods should not be empty",
      "commit": {
        "hash": "8ada5d400ea994a0ffd3c67fa0f66719de1e4138",
        "msg": "ATLAS-3324 Incremental export with hive_table for table-level replication.",
        "file": "IncrementalExportEntityProvider.java",
        "lang": "java",
        "diff": [
	" @@ -67,7 +71,10 @@ public void fullFetch(AtlasEntity entity, ExportService.ExportContext context) {",
    	" @Override",
    	" public void connectedFetch(AtlasEntity entity, ExportService.ExportContext context) {",
	" -",
        	" + //starting entity is hive_table",
        	" + context.guidsToProcess.addAll(fetchGuids(entity.getGuid(), QUERY_TABLE_DB, context.changeMarker));",
        	" + context.guidsToProcess.addAll(fetchGuids(entity.getGuid(), QUERY_TABLE_SD, context.changeMarker));",
        	" + context.guidsToProcess.addAll(fetchGuids(entity.getGuid(), QUERY_TABLE_COLUMNS, context.changeMarker));",
    	" }"
        ]
      }
    }
  ]
}