{
  "code": "",
  "email": "hbutani@hortonworks.com",
  "name": "Harish Butani",
  "project": "Apache/Altlas",
  "first_commit": "2014",
  "cqs": [
    {
      "td_type": "Design Debt",
      "td_issue": "Cognitive Complexity of methods should not be too high",
      "commit": {
        "hash": "4c1f4c8f97e04ca9bfa00c361f86ed568f443e92",
        "msg": "refactor: introduce concepts for ConstructableType, HierarchicalType, IInstance, ITypedInstance etc.",
        "file": "StructType.java",
        "lang": "java",
        "diff": [
	" @Override",
    	" public void output(IStruct s, Appendable buf, String prefix) throws MetadataException {",
        	" - TypeUtils.outputVal(\"\"{\"\", buf, prefix);",
        	" - if ( s == null ) {",
            	" - TypeUtils.outputVal(\"\"<null>\n\"\", buf, \"\"\"\");",
            	" - return;",
        	" - }",
        	" - TypeUtils.outputVal(\"\"\n\"\", buf, \"\"\"\");",
        	" - String fieldPrefix = prefix + \"\"\t\"\";",
        	" - for(AttributeInfo i : fieldMapping.fields.values()) {",
            	" - Object aVal = s.get(i.name);",
            	" - TypeUtils.outputVal(i.name + \"\" : \"\", buf, fieldPrefix);",
            	" - i.dataType().output(aVal, buf, \"\"\"\");",
            	" - TypeUtils.outputVal(\"\n\", buf, \"\"\"\");",
        	" - }",
        	" - TypeUtils.outputVal(\"\"\n}\n\"\", buf, \"\"\"\");",
        	" + handler.output(s, buf, prefix);",
    	" }"
        ]
      }
    }
  ]
}