{
  "code": "",
  "email": "sarath@apache.org",
  "name": "Sarath Subramanian",
  "project": "Apache/Altlas",
  "first_commit": "2019",
  "cqs": [
    {
      "td_type": "Defect Debt",
      "td_issue": "Strings and Boxed types should be compared using \"equals()\"",
      "commit": {
        "hash": "b823084aadd870f8f14df8f01838fac8347e72bb",
        "msg": "ATLAS-3405: Handling of references to non-existing entities in notifications",
        "file": "GraphHelper.java",
        "lang": "java",
        "diff": [
	" @@ -1060,7 +1060,7 @@ public static Boolean isProxy(AtlasElement element) {",
	" public static Boolean isEntityIncomplete(AtlasElement element) {",
        	" Integer value = element.getProperty(Constants.IS_INCOMPLETE_PROPERTY_KEY, Integer.class);",
        	" - Boolean ret = (value != null && value == INCOMPLETE_ENTITY_VALUE) ? Boolean.TRUE : Boolean.FALSE;",
        	" + Boolean ret = value != null && value.equals(INCOMPLETE_ENTITY_VALUE) ? Boolean.TRUE : Boolean.FALSE;",
	" return ret;",
    	" }"
        ]
      }
    }
  ]
}