{
  "code": "",
  "email": "greg.senia@gmail.com",
  "name": "Greg Senia",
  "project": "Apache/Altlas",
  "first_commit": "2014",
  "cqs": [
    {
      "td_type": "Code Debt",
      "td_issue": "Unused \"\"private\"\" classes should be removed",
      "commit": {
        "hash": "13aa58b66d596587ced3efde6132e2c0ba0f89dc",
        "msg": "removed log.error options",
        "file": "Hook.java",
        "lang": "java",
        "diff": [
	" @@ -49,12 +49,6 @@",
	" public class Hook implements ExecuteWithHookContext {",
	" private static final Log LOG = LogFactory.getLog(Hook.class.getName());",
	" - //private static TimelineClient timelineClient;",
	" - private enum EntityTypes { HIVE_QUERY_ID };",
  	" - private enum EventTypes { QUERY_SUBMITTED, QUERY_COMPLETED };",
  	" - private enum OtherInfoTypes { QUERY, STATUS, TEZ, MAPRED };",
  	" - private enum PrimaryFilterTypes { user };",
  	" - private static final int WAIT_TIME = 3;",
  	" private HiveLineageBean hlb;"
        ]
      }
    }
  ]
}