{
  "code": "",
  "email": "bchambers@google.com",
  "name": "bchambers",
  "project": "Apache/Beam",
  "first_commit": "2015",
  "cqs": [
    {
      "td_type": "Defect Debt",
      "td_issue": "Package declaration should match source file directory",
      "commit": {
        "hash": "b972445412d4c7c563e57a2260e99b9b5e3c7a32",
        "msg": "Initial update of imports...",
        "file": "State.java",
        "lang": "java",
        "diff": [
	" - package com.google.cloud.dataflow.sdk.util.state;",	
	" + package org.apache.beam.sdk.util.state;"
        ]
      }
    },
    {
      "td_type": "Code Debt",
      "td_issue": "Unused type parameters should be removed",
      "commit": {
        "hash": "4bf8485ff9d34f4cbee1db2139d48301d5ffa0d3",
        "msg": "Organize triggers to make them easier to construct. Introduce an AtMostOnce trigger interface to enforce (at compile time) that all the arguments to a AfterFirst.of(...) are at-most once triggers. Introduce the AfterWatermark and AfterPane triggers. Give triggers the timestamp of the element.",
        "file": "TriggerTester.java",
        "lang": "java",
        "diff": [
	" -  public static <VI, VO, W extends BoundedWindow> TriggerTester<VI, VO, W> of(",
	" - WindowFn<?, W> windowFn,",
	" - Trigger<W> trigger,",
	" - AbstractWindowSet.Factory<String, VI, VO, W> windowSetFactory) throws Exception {",
	" + public static <W extends BoundedWindow> TriggerTester<Integer, Iterable<Integer>, W> buffering(",
	" + WindowFn<?, W> windowFn, Trigger<W> trigger) throws Exception {",
     	" @SuppressWarnings(\"\"unchecked\"\")",
     	" WindowFn<Object, W> objectWindowFn = (WindowFn<Object, W>) windowFn;",
	" ",
	" - return new TriggerTester<VI, VO, W>(objectWindowFn, trigger, windowSetFactory);",
	" + AbstractWindowSet.Factory<String, Integer, Iterable<Integer>, W> windowSetFactory =",
	" + BufferingWindowSet.<String, Integer, W>factory(VarIntCoder.of());",
	" +",
	" + return new TriggerTester<Integer, Iterable<Integer>, W>(",
	" + objectWindowFn, trigger, windowSetFactory);",
   	" }"
        ]
      }
    }
  ]
}