{
  "code": "",
  "email": "tgroh@google.com",
  "name": "tgroh",
  "project": "Apache/Beam",
  "first_commit": "2016",
  "cqs": [
    {
      "td_type": "Defect Debt",
      "td_issue": "Generic wildcard types should not be used in return parameters",
      "commit": {
        "hash": "3ae94413000299908af06c712d9238023b099526",
        "msg": "This closes #2679",
        "file": "LengthPrefixCoder.java",
        "lang": "java",
        "diff": [
	" - public Coder<?> getValueCoder() {",
	" - return valueCoder;",
	" - }",
	" + /**",
	" + * Gets the value coder that will be prefixed by the length.",
	" + */",
	" + public Coder<T> getValueCoder() {",
	" + return valueCoder;",
	" + }"
        ]
      }
    },
    {
      "td_type": "Code Debt",
      "td_issue": "Standard outputs should not be used directly to log anything",
      "commit": {
        "hash": "99e60f4c0e28b28fbf3f115bedd363c93a40e930",
        "msg": "This closes #3238",
        "file": "BoundedDataset.java",
        "lang": "java",
        "diff": [
 	" public void cache(String storageLevel) {",
	" - System.out.printf(",
	" - \"\"Persisting Dataset %s for RDD %s (id %s) at level %s. %s times before%n\"\",",
	" - this, getRDD(), getRDD().toDebugString(), storageLevel, timesCached++);",
	" - System.out.println(Joiner.on(\"\"\n\t\"\").join(new Throwable().getStackTrace()));",
    	" // populate the rdd if needed",
   	" getRDD().persist(StorageLevel.fromString(storageLevel));",
  	" }"
        ]
      }
    },
    {
      "td_type": "Design Debt",
      "td_issue": "Cognitive Complexity of methods should not be too high",
      "commit": {
        "hash": "99e60f4c0e28b28fbf3f115bedd363c93a40e930",
        "msg": "This closes #3238",
        "file": "TransformHierarchy.java",
        "lang": "java",
        "diff": [
   	" - private void visit(",
        	" - PipelineVisitor visitor,",
        	" - Set<PValue> visitedValues,",
        	" - Set<Node> visitedNodes,",
        	" - Set<Node> passedComposites) {",
      	" - if (getEnclosingNode() != null && !visitedNodes.contains(getEnclosingNode())) {",
       	" - getEnclosingNode().visit(visitor, visitedValues, visitedNodes, passedComposites);",
      	" - }",
     	" - if (!visitedNodes.add(this)) {",
       	" - LOG.debug(\"\"Not revisiting previously visited node {}\"\", this);",
        	" - return;",
      	" - } else if (childNodeOf(passedComposites)) {",
        	" - LOG.debug(\"\"Not revisiting Node {} which is a child of a previously passed composite\"\", this);",
        	" - return;",
      	" - }",
    	" + private void visit(PipelineVisitor visitor, Set<PValue> visitedValues) {",
      	" if (!finishedSpecifying) {",
        	" finishSpecifying();",
      	" }",
	" if (!isRootNode()) {",
        	" // Visit inputs.",
        	" for (PValue inputValue : inputs.values()) {",
         	" - Node valueProducer = getProducer(inputValue);",
          	" - if (!visitedNodes.contains(valueProducer)) {",
            	" - valueProducer.visit(visitor, visitedValues, visitedNodes, passedComposites);",
          	" - }",
         	" if (visitedValues.add(inputValue)) {",
            	" - LOG.debug(\"\"Visiting input value {}\"\", inputValue);",
            	" - visitor.visitValue(inputValue, valueProducer);",
            	" + visitor.visitValue(inputValue, getProducer(inputValue));",
          	" }",
        	" }",
      	" }",
	" if (isCompositeNode()) {",
        	" - LOG.debug(\"\"Visiting composite node {}\"\", this);",
        	" PipelineVisitor.CompositeBehavior recurse = visitor.enterCompositeTransform(this);",
       	" if (recurse.equals(CompositeBehavior.ENTER_TRANSFORM)) {",
          	" for (Node child : parts) {",
            	" - child.visit(visitor, visitedValues, visitedNodes, passedComposites);",
            	" + child.visit(visitor, visitedValues);",
          	" }",
        	" - } else {",
          	" - passedComposites.add(this);",
        	" }",
        	" visitor.leaveCompositeTransform(this);",
      	" } else {",
        	" - LOG.debug(\"\"Visiting primitive node {}\"\", this);",
        	" visitor.visitPrimitiveTransform(this);",
      	" }"
        ]
      }
    }
  ]
}