{
  "code": "",
  "email": "aljoscha.krettek@gmail.com",
  "name": "Aljoscha Krettek",
  "project": "Apache/Beam",
  "first_commit": "2015",
  "cqs": [
    {
      "td_type": "Defect Debt",
      "td_issue": "Generic wildcard types should not be used in return parameters",
      "commit": {
        "hash": "4fe7010bdb7692914fc6c2821c95caea0cab770d",
        "msg": "Remove Some Code leftover from Earlier Refactoring. This only removes unused parts of code.",
        "file": "FlinkBatchTransformTranslators.java",
        "lang": "java",
        "diff": [
   	" private static class Concatenate<T> extends Combine.CombineFn<T, List<T>, List<T>> {",
     	" @Override",
     	" public List<T> createAccumulator() {",
	" - return new ArrayList<T>();",
	" + return new ArrayList<>();",
     	" }"
        ]
      }
    },
    {
      "td_type": "Code Debt",
      "td_issue": "Unused \"\"private\"\" classes should be removed",
      "commit": {
        "hash": "4fe7010bdb7692914fc6c2821c95caea0cab770d",
        "msg": "Remove Some Code leftover from Earlier Refactoring. This only removes unused parts of code.",
        "file": "FlinkBatchTransformTranslators.java",
        "lang": "java",
        "diff": [
	" - private static class WriteSinkTranslatorBatch<T>",
	" - implements FlinkBatchPipelineTranslator.BatchTransformTranslator<Write.Bound<T>> {",
	" -",
	" - private static class AvroIOWriteTranslatorBatch<T> implements",
	" - FlinkBatchPipelineTranslator.BatchTransformTranslator<AvroIO.Write.Bound<T>> {",
	" - private static final Logger LOG = LoggerFactory.getLogger(AvroIOWriteTranslatorBatch.class);",
	" - private static class TextIOWriteTranslatorBatch<T>",
	" - implements FlinkBatchPipelineTranslator.BatchTransformTranslator<TextIO.Write.Bound<T>> {",
	" - private static final Logger LOG = LoggerFactory.getLogger(TextIOWriteTranslatorBatch.class);"
        ]
      }
    }
  ]
}