{
  "code": "",
  "email": "ansela@paypal.com",
  "name": "Sela",
  "project": "Apache/Beam",
  "first_commit": "2016",
  "cqs": [
    {
      "td_type": "Code Debt",
      "td_issue": "Unused assignments should be removed",
      "commit": {
        "hash": "b21de69ec50d84af383252f6271fcc57fafea88b",
        "msg": "Handle test failures in \"\"graceful stop peroid\"\".",
        "file": "SparkPipelineStateTest.java ",
        "lang": "java",
        "diff": [
    	" - final SparkPipelineOptions options = commonOptions.getOptions();"
        ]
      }
    }
  ]
}