{
  "code": "",
  "email": "robertwb@google.com",
  "name": "relax",
  "project": "Apache/Beam",
  "first_commit": "2014",
  "cqs": [
    {
      "td_type": "Documentation Debt",
      "td_issue": "Deprecated elements should have both the annotation and the Javadoc tag",
      "commit": {
        "hash": "44867300cb36dcad1cdfba70dbe093ec50a14388",
        "msg": "Remove en/decodeOuter and default encode/decode methods. Now only the context-free encode() and decode() methods are abstract.",
        "file": "StructuredCoder.java",
        "lang": "java",
        "diff": [
	" - @Deprecated",
	" - @Override",
	" - public void encodeOuter(T value, OutputStream outStream)",
	" - throws CoderException, IOException {",
	" - encode(value, outStream, Coder.Context.OUTER);",
	" - }"
        ]
      }
    },
    {
      "td_type": "Design Debt",
      "td_issue": "String literals should not be duplicated",
      "commit": {
        "hash": "b2e302239603b8d10aa7ce393df0dfe92cb82909",
        "msg": "Allow accessing properties of NO_FIRING pane. This pane is now considered the first, last, and only element in the window with 0 index and non-speculative index.",
        "file": "PaneInfo.java",
        "lang": "java",
        "diff": [
   	" public boolean isLast() {",
	" - if (timing == Timing.UNKNOWN) {",
	" - throw new UnsupportedOperationException(\"\"Undefined for non-trigger-firing pane.\"\");",
	" - }",
     	" return isLast;",
   	" }",
   	" public long getIndex() {",
	" - if (timing == Timing.UNKNOWN) {",
	" - throw new UnsupportedOperationException(\"\"Undefined for non-trigger-firing pane.\"\");",
	" - }",
     	" return index;",
   	" }"
        ]
      }
    }
  ]
}