{
  "code": "",
  "email": "lcwik@google.com",
  "name": "lcwik",
  "project": "Apache/Beam",
  "first_commit": "2014",
  "cqs": [
    {
      "td_type": "Code Debt",
      "td_issue": "Unused assignments should be removed",
      "commit": {
        "hash": "4eab2a1310685acdfccbe83b9ead19ebde423311",
        "msg": "Testing improvements regarding DataflowAssert and TestPipeline",
        "file": "DataflowAssert.java",
        "lang": "java",
        "diff": [
	" - .of(new DoFn<Void, Void>() {",
	" - private static final long serialVersionUID = 0;",
	" -",
	" - @Override",
	" - public void processElement(DoFn<Void, Void>.ProcessContext c) {",
	" - ActualT actualContents = c.sideInput(actual);",
	" - checkerFn.apply(actualContents);",
	" - }",
	" - }));",
	" + .of(new CheckerDoFn<>(checkerFn, actual)));"
        ]
      }
    },
    {
      "td_type": "Documentation Debt",
      "td_issue": "Deprecated elements should have both the annotation and the Javadoc tag",
      "commit": {
        "hash": "a752cfdc8dafa26b86cdf4343a638768e763c736",
        "msg": "[BEAM-1871] Remove deprecated org.apache.beam.sdk.options.GcsOptions after updating Dataflow worker",
        "file": "GcsOptions.java",
        "lang": "java",
        "diff": [
	" - /**",
	" - * Options used to configure Google Cloud Storage.",
	" - */",
	" - @Deprecated",
	" - public interface GcsOptions extends",
	" - ApplicationNameOptions, GcpOptions, PipelineOptions {"
        ]
      }
    }
  ]
}