{
  "code": "",
  "email": "pei@apache.org",
  "name": "Pei He",
  "project": "Apache/Beam",
  "first_commit": "2017",
  "cqs": [
    {
      "td_type": "Code Debt",
      "td_issue": "Unused assignments should be removed",
      "commit": {
        "hash": "3cc7dfcb4e2e0123551c10f0821dd0d8f005480b",
        "msg": "Create separate factory methods for different generics types in StreamingGroupAlsoByWindowsDoFn and GroupAlsoByWindowsDoFn.",
        "file": "StreamingGroupAlsoByWindowsDoFn.java",
        "lang": "java",
        "diff": [
	" - protected StreamingGroupAlsoByWindowsDoFn(",
	" - WindowFn<?, W> windowFn,",
	" - KeyedCombineFn<K, VI, ?, VO> combineFn,",
	" - Coder<K> keyCoder,",
	" - Coder<VI> inputValueCoder) {",
	" - this.windowFn = windowFn;",
	" - this.combineFn = combineFn;",
	" - this.keyCoder = keyCoder;",
	" - this.inputValueCoder = inputValueCoder;",
	" - }"
        ]
      }
    },
    {
      "td_type": "Defect Debt",
      "td_issue": "Generic exceptions should never be thrown",
      "commit": {
        "hash": "3cc7dfcb4e2e0123551c10f0821dd0d8f005480b",
        "msg": "Create separate factory methods for different generics types in StreamingGroupAlsoByWindowsDoFn and GroupAlsoByWindowsDoFn.",
        "file": "StreamingGroupAlsoByWindowsDoFn.java",
        "lang": "java",
        "diff": [
	" - public void processElement(ProcessContext context) throws Exception {"
        ]
      }
    }
  ]
}