{
  "code": "",
  "email": "earhart@google.com",
  "name": "earhart",
  "project": "Apache/Beam",
  "first_commit": "2014",
  "cqs": [
    {
      "td_type": "Defect Debt",
      "td_issue": "Raw types should not be used",
      "commit": {
        "hash": "3aa23436ed57daab40b2a3ce28c2c6accf8b9aff",
        "msg": "Fixing a few more warnings.",
        "file": "WindowedValue.java",
        "lang": "java",
        "diff": [
    	" - return new WindowedValue(value,",
                " - new Instant(Long.MIN_VALUE),",
                " - new ArrayList<>());",
    	" + return new WindowedValue<V>(value,",
                " + new Instant(Long.MIN_VALUE),",
                " + Collections.<BoundedWindow>emptyList());"
        ]
      }
    }
  ]
}