{
  "code": "",
  "email": "klk@google.com",
  "name": "Kenn Knowles",
  "project": "Apache/Beam",
  "first_commit": "2014",
  "cqs": [
    {
      "td_type": "Code Debt",
      "td_issue": "Unused assignments should be removed",
      "commit": {
        "hash": "cfda3ff87ef04ed8603f77eca5b5fe72f900a562",
        "msg": "Update Triggers to new shouldFire() based semantics, User-facing trigger expressions are unchanged in syntax or semantics.",
        "file": "ReduceFnRunner.java",
        "lang": "java",
        "diff": [
	" - result = triggerRunner.onMerge(mergeResultContext);",
	" + triggerRunner.onMerge(mergeResultContext);",
           	" } catch (Exception e) {"
        ]
      }
    },
    {
      "td_type": "Defect Debt",
      "td_issue": "Raw types should not be used",
      "commit": {
        "hash": "c4cf644e142b04d86088b7298a4b392e6f6131c2",
        "msg": "Add DoFnRunner.ListOutputManager",
        "file": "DoFnTester.java",
        "lang": "java",
        "diff": [
	" - DoFnRunner<InputT, OutputT, List> fnRunner;",
	" + DoFnRunner<InputT, OutputT, List<WindowedValue<?>>> fnRunner;"
        ]
      }
    }
  ]
}