{
  "code": "",
  "email": "mxm@apache.org",
  "name": "Maximilian Michels",
  "project": "Apache/Beam",
  "first_commit": "2017",
  "cqs": [
    {
      "td_type": "Defect Debt",
      "td_issue": "Generic exceptions should never be thrown",
      "commit": {
        "hash": "36a27f53836475048db884aeaa70d496001f1f41",
        "msg": "This closes #394",
        "file": "FlinkPipelineExecutionEnvironment.java",
        "lang": "java",
        "diff": [
	" - private void createBatchExecutionEnvironment() {",
	" - if (this.flinkStreamEnv != null || this.flinkBatchEnv != null) {",
	" - throw new RuntimeException(\"\"FlinkPipelineExecutionEnvironment already initialized.\"\");",
	" - }",
	" + private ExecutionEnvironment createBatchExecutionEnvironment() {"
        ]
      }
    }
  ]
}