{
  "code": "",
  "email": "aviemzur@gmail.com",
  "name": "Aviem Zur",
  "project": "Apache/Beam",
  "first_commit": "2016",
  "cqs": [
    {
      "td_type": "Defect Debt",
      "td_issue": "Local variables should not shadow class fields",
      "commit": {
        "hash": "d7d49ce8a1bff63d4205fd641c90e36b0f88bb17",
        "msg": "Throw UnsupportedOperationException for committed metrics results in spark runner. Added metrics support for MultiDo",
        "file": "SparkMetricsContainer.java",
        "lang": "java",
        "diff": [
     	" if (metricsContainers == null) {",
       	" synchronized (this) {",
         	" if (metricsContainers == null) {",
	" - metricsContainers = CacheBuilder.<String, SparkMetricsContainer>newBuilder()",
	" - .build(new MetricsContainerCacheLoader());",
	" + initializeMetricsContainers();",
        	" }",
       	" }",
    	" }"
        ]
      }
    }
  ]
}