{
  "code": "",
  "email": "swegner@google.com",
  "name": "Scott Wegner",
  "project": "Apache/Beam",
  "first_commit": "2016",
  "cqs": [
    {
      "td_type": "Defect Debt",
      "td_issue": "Generic exceptions should never be thrown",
      "commit": {
        "hash": "ac98c4a01f7e4b2bba3e99271b66e141e7555de8",
        "msg": "Evaluate display data from InProcessPipelineRunner",
        "file": "DisplayData.java",
        "lang": "java",
        "diff": [
	" try {",
         	" subComponent.populateDisplayData(this);",
	" + } catch (PopulateDisplayDataException e) {",
	" + // Don't re-wrap exceptions recursively.",
	" + throw e;",
        	" } catch (Throwable e) {",
          	" String msg = String.format(\"\"Error while populating display data for component: %s\"\",",
              	" namespace);",
	" - throw new RuntimeException(msg, e);",
	" + throw new PopulateDisplayDataException(msg, e);"
        ]
      }
    }
  ]
}