{
  "code": "",
  "email": "relax@google.com",
  "name": "relax",
  "project": "Apache/Beam",
  "first_commit": "2014",
  "cqs": [
    {
      "td_type": "Design Debt",
      "td_issue": "Cognitive Complexity of methods should not be too high",
      "commit": {
        "hash": "77ba7a35cdae0b036791cce0682beefeb3fd809b",
        "msg": "Adds DynamicDestinations support to FileBasedSink",
        "file": "WriteFiles.java",
        "lang": "java",
        "diff": [
	" @@ -497,86 +578,110 @@ public void processElement(ProcessContext context) {",
     	" if (computeNumShards == null && numShardsProvider == null) {",
       	" numShardsView = null;",
	" - if (windowedWrites) {",
	" - TupleTag<FileResult> writtenRecordsTag = new TupleTag<>(\"\"writtenRecordsTag\"\");",
	" - TupleTag<KV<Integer, T>> unwrittedRecordsTag = new TupleTag<>(\"\"unwrittenRecordsTag\"\");",
	"- PCollectionTuple writeTuple = input.apply(\"\"WriteWindowedBundles\"\", ParDo.of(",
	" - new WriteWindowedBundles(unwrittedRecordsTag))",
	" - .withOutputTags(writtenRecordsTag, TupleTagList.of(unwrittedRecordsTag)));",
	" - PCollection<FileResult> writtenBundleFiles = writeTuple.get(writtenRecordsTag)",
	" - .setCoder(FileResultCoder.of(shardedWindowCoder));",
	" - PCollection<FileResult> writtenGroupedFiles =- writeTuple",
	" - .get(unwrittedRecordsTag)",
	" - .setCoder(KvCoder.of(VarIntCoder.of(), input.getCoder()))",
	" - .apply(\"\"GroupUnwritten\"\", GroupByKey.<Integer, T>create())",
	" - .apply(\"\"WriteUnwritten\"\", ParDo.of(",
	" - new WriteShardedBundles(ShardAssignment.ASSIGN_IN_FINALIZE)))",
	" - .setCoder(FileResultCoder.of(shardedWindowCoder));",
	" - results = PCollectionList.of(writtenBundleFiles).and(writtenGroupedFiles)",
	" - .apply(Flatten.<FileResult>pCollections());",
	" - } else {",
	" - results =",
	" - input.apply(\"\"WriteUnwindowedBundles\"\", ParDo.of(new WriteUnwindowedBundles()));",
	" - }",
	" + TupleTag<FileResult<DestinationT>> writtenRecordsTag = new TupleTag<>(\"\"writtenRecordsTag\"\");",
	" + TupleTag<KV<ShardedKey<Integer>, UserT>> unwrittedRecordsTag =",
	" + new TupleTag<>(\"\"unwrittenRecordsTag\"\");",
	" + String writeName = windowedWrites ? \"\"WriteWindowedBundles\"\" : \"\"WriteBundles\"\";",
	" + PCollectionTuple writeTuple =",
	" + input.apply(",
	" + writeName,",
	" + ParDo.of(new WriteBundles(windowedWrites, unwrittedRecordsTag, destinationCoder))",
	" + .withOutputTags(writtenRecordsTag, TupleTagList.of(unwrittedRecordsTag)));",
	" + PCollection<FileResult<DestinationT>> writtenBundleFiles =",
	" + writeTuple",
	" + .get(writtenRecordsTag)",
	" + .setCoder(FileResultCoder.of(shardedWindowCoder, destinationCoder));",
	" + PCollection<FileResult<DestinationT>> writtenGroupedFiles =",
	" + writeTuple",
	" + .get(unwrittedRecordsTag)",
	" + .setCoder(KvCoder.of(ShardedKeyCoder.of(VarIntCoder.of()), input.getCoder()))",
	" +.apply(\"\"GroupUnwritten\"\", GroupByKey.<ShardedKey<Integer>, UserT>create())",
	" + .apply(",
	" + \"\"WriteUnwritten\"\",",
	" + ParDo.of(new WriteShardedBundles(ShardAssignment.ASSIGN_IN_FINALIZE)))",
	" + .setCoder(FileResultCoder.of(shardedWindowCoder, destinationCoder));",
	" + results =",
	" + PCollectionList.of(writtenBundleFiles)",
	" + .and(writtenGroupedFiles)",
	" + .apply(Flatten.<FileResult<DestinationT>>pCollections());"
        ]
      }
    },
    {
      "td_type": "Code Debt",
      "td_issue": "Unused \"\"private\"\" fields should be removed",
      "commit": {
        "hash": "77ba7a35cdae0b036791cce0682beefeb3fd809b",
        "msg": "Adds DynamicDestinations support to FileBasedSink",
        "file": "DefaultFilenamePolicy.java",
        "lang": "java",
        "diff": [
	" - private static final Logger LOG = LoggerFactory.getLogger(DefaultFilenamePolicy.class);"
        ]
      }
    },
    {
      "td_type": "Defect Debt",
      "td_issue": "Printf-style format strings should be used correctly",
      "commit": {
        "hash": "7d13061cc36466c502bbc1f61d391743dd3739af",
        "msg": "Separate streaming writes into two pluggable components - CreateTables, and StreamingWriteTables. Also address many code review comments. Also merge with master.",
        "file": "WriteTables.java",
        "lang": "java",
        "diff": [
	" - List<String> partitionFiles = Lists.newArrayList(c.element().getValue()).get(0);",
	" - String jobIdPrefix = String.format(",
	" - c.sideInput(jobIdToken) + \"\"_0x%08x_%05d\"\", tableDestination.hashCode(), partition);",
	" + List<String> partitionFiles = Lists.newArrayList(c.element().getValue());",	
	" + String jobIdPrefix = BigQueryHelpers.createJobId(",
	" + c.sideInput(jobIdToken), tableDestination, partition);"
        ]
      }
    }
  ]
}