{
  "code": "",
  "email": "mingmxu@ebay.com",
  "name": "mingmxu",
  "project": "Apache/Beam",
  "first_commit": "2017",
  "cqs": [
    {
      "td_type": "Defect Debt",
      "td_issue": "Methods should not be empty",
      "commit": {
        "hash": "f10509e745ff234110bc50d16aba1cb6813036b6",
        "msg": "append to #2135, add 1). fix issue of NO_TIMESTAMP type in 10; 2). rename field to 'timestamp'",
        "file": "ConsumerSpEL.java",
        "lang": "java",
        "diff": [
	" - public ConsumerSpEL() {}"
        ]
      }
    }
  ]
}