{
  "code": "",
  "email": "lzljs3620320@aliyun.com",
  "name": "JingsongLi",
  "project": "Apache/Beam",
  "first_commit": "2017",
  "cqs": [
    {
      "td_type": "Code Debt",
      "td_issue": "Unused method parameters should be removed",
      "commit": {
        "hash": "e8f26085e889f8f618c0961a5458cbc42b432c01",
        "msg": "Remove the FnOutputT parameter from DoFnOperator",
        "file": "FlinkStreamingTransformTranslators.java",
        "lang": "java",
        "diff": [
     	" interface DoFnOperatorFactory<InputT, OutputT> {",
	" - DoFnOperator<InputT, OutputT, OutputT> createDoFnOperator(",
	" + DoFnOperator<InputT, OutputT> createDoFnOperator(",
           	" DoFn<InputT, OutputT> doFn,",
           	" String stepName,",
           	" List<PCollectionView<?>> sideInputs,",
	" ",
       	" if (sideInputs.isEmpty()) {",
	" - DoFnOperator<InputT, OutputT, OutputT> doFnOperator =",
	" + DoFnOperator<InputT, OutputT> doFnOperator =",
             	" doFnOperatorFactory.createDoFnOperator("
        ]
      }
    },
    {
      "td_type": "Defect Debt",
      "td_issue": "Generic exceptions should never be thrown",
      "commit": {
        "hash": "f86facb27170c34cc9ef2d702a51bdcd7e53836d",
        "msg": "[BEAM-1116] Support for new Timer API in Flink runner (streaming)",
        "file": "DoFnOperator.java",
        "lang": "java",
        "diff": [
	" public void fireTimer(InternalTimer<?, TimerData> timer) {",
	" - throw new RuntimeException(\"\"The fireTimer should not be invoke in DoFnOperator.\"\");",
	" + TimerInternals.TimerData timerData = timer.getNamespace();",
	" + StateNamespace namespace = timerData.getNamespace();",
	" + // This is a user timer, so namespace must be WindowNamespace",
	" + checkArgument(namespace instanceof WindowNamespace);",
	" + BoundedWindow window = ((WindowNamespace) namespace).getWindow();",
	" + pushbackDoFnRunner.onTimer(timerData.getTimerId(), window,",
	" + timerData.getTimestamp(), timerData.getDomain());",
   	" }"
        ]
      }
    }
  ]
}