{
  "code": "",
  "email": "pabloem@google.com",
  "name": "Pablo",
  "project": "Apache/Beam",
  "first_commit": "2016",
  "cqs": [
    {
      "td_type": "Code Debt",
      "td_issue": "Unused \"\"private\"\" methods should be removed",
      "commit": {
        "hash": "650e86854cb72258de81378a357c93ff887da338",
        "msg": "This closes #394",
        "file": "DoFnTester.java ",
        "lang": "java",
        "diff": [
	" -  private Map<String, Object> accumulators;"
        ]
      }
    }
  ]
}