{
  "code": "",
  "email": "millsd@google.com",
  "name": "Daniel Mills",
  "project": "Apache/Beam",
  "first_commit": "2014",
  "cqs": [
    {
      "td_type": "Code Debt",
      "td_issue": "\"\"Preconditions\"\" and logging arguments should not require evaluation",
      "commit": {
        "hash": "a392b2c79a642f04a2c2e0a1eb4bc0c72810dc73",
        "msg": "Uses slf4j logging in the streaming worker to enable Cloud Logging. Removes the use of MDC because it doesn't actually provide thread-local formatting parameters",
        "file": "StreamingDataflowWorker.java",
        "lang": "java",
        "diff": [
	" try {",
       	" statusServer.start();",
	" - LOG.info(\"\"Status server started on port \"\" + statusPort);",
	" + LOG.info(\"\"Status server started on port {}\"\", statusPort);",
       	" statusServer.join();",
     	" } catch (Exception e) {",
	" - LOG.warning(\"\"Status server failed to start: \"\" + e);",
	" + LOG.warn(\"\"Status server failed to start: \"\", e);",
     	" }",
   	" private void addComputation(MapTask mapTask) {",
     	" String computation = mapTask.getSystemName();",
     	" if (!instructionMap.containsKey(computation)) {",
	" - LOG.info(\"\"Adding config for \"\" + computation + \"\": \"\" + mapTask);",
	"+ LOG.info(\"\"Adding config for {}: {}\"\", computation, mapTask);"
        ]
      }
    },
    {
      "td_type": "Defect Debt",
      "td_issue": "Printf-style format strings should be used correctly",
      "commit": {
        "hash": "a392b2c79a642f04a2c2e0a1eb4bc0c72810dc73",
        "msg": "Uses slf4j logging in the streaming worker to enable Cloud Logging. Removes the use of MDC because it doesn't actually provide thread-local formatting parameters",
        "file": "StreamingDataflowWorker.java",
        "lang": "java",
        "diff": [
   	" private void process(",
       	" final String computation, final Windmill.WorkItem work) {",
	" - LOG.log(Level.FINE, \"\"Starting processing for \"\" + computation + \"\":\n{0}\"\", work);",
	" + LOG.debug(\"\"Starting processing for {}:\n{}\"\", computation, work);",
     	" MapTask mapTask = instructionMap.get(computation);",
     	" if (mapTask == null) {",
	" - LOG.info(\"\"Received work for unknown computation: \"\" + computation",
	" - + \"\". Known computations are \"\" + instructionMap.keySet());",
	" + LOG.info(\"\"Received work for unknown computation: {}. Known computations are {}\"\",",
	" + computation, instructionMap.keySet());",
       	" return;",
     	" }"
        ]
      }
    },
    {
      "td_type": "Design Debt",
      "td_issue": "Cognitive Complexity of methods should not be too high",
      "commit": {
        "hash": "fbbbe4c4eae4759ff522f22979365ddd9e89590f",
        "msg": "Adds support for unbounded custom sources",
        "file": "StreamingDataflowWorker.java",
        "lang": "java",
        "diff": [
	" + remainingCommitBytes -= request.getSerializedSize();",
	" + computationRequestBuilder.addRequests(request);",
	" + }",
	" + if (computationRequestBuilder.getRequestsCount() > 0) {",
	" + computationRequestBuilder.setComputationId(entry.getKey());",
	" + commitRequestBuilder.addRequests(computationRequestBuilder);",
          	" }",
	" - remainingCommitBytes -= request.getSerializedSize();",
	" - computationRequestBuilder.addRequests(request);",
         	" }",
	" - if (computationRequestBuilder.getRequestsCount() > 0) {",
	" -          computationRequestBuilder.setComputationId(entry.getKey());",
	" -          commitRequestBuilder.addRequests(computationRequestBuilder);",
	" + if (commitRequestBuilder.getRequestsCount() > 0) {",
	" + Windmill.CommitWorkRequest commitRequest = commitRequestBuilder.build();",
	" + LOG.trace(\"\"Commit: {}\"\", commitRequest);",
	" + commitWork(commitRequest);",
	" +} else {",
	" + break;",
         	" }",
       	" }",
	" - if (commitRequestBuilder.getRequestsCount() > 0) {",
	" - Windmill.CommitWorkRequest commitRequest = commitRequestBuilder.build();",
	" - LOG.trace(\"\"Commit: {}\"\", commitRequest);",
	" - commitWork(commitRequest);",
	" - }",
	" - if (remainingCommitBytes > 0) {",
	" - sleep(100);",
	" - }",
     	" }",
   	" }"
        ]
      }
    }
  ]
}