{
  "code": "",
  "email": "dhalperi@google.com",
  "name": "dhalperi",
  "project": "Apache/Beam",
  "first_commit": "2015",
  "cqs": [
    {
      "td_type": "Test Debt",
      "td_issue": "Tests should include assertions",
      "commit": {
        "hash": "3edae9b8b4d7afefb5c803c19bb0a1c21ebba89d",
        "msg": "Closes #332",
        "file": "PubsubUnboundedSourceTest.java",
        "lang": "java",
        "diff": [
	" + import static junit.framework.TestCase.assertFalse;",	
	" + import static org.hamcrest.Matchers.lessThanOrEqualTo;",
	" + import static org.junit.Assert.assertArrayEquals;",
	" + import static org.junit.Assert.assertEquals;",
	" + import static org.junit.Assert.assertNotNull;",
	" + import static org.junit.Assert.assertThat;",
	" + import static org.junit.Assert.assertTrue;",
	" ... ",
   	" + assertTrue(reader.start());",
   	" + assertEquals(DATA, reader.getCurrent());",
   	" + assertFalse(reader.advance());"
        ]
      }
    },
    {
      "td_type": "Defect Debt",
      "td_issue": "Methods should not be empty",
      "commit": {
        "hash": "60f86db6ef211aedd7c7343842b68390ccf52d93",
        "msg": "[BEAM-59] Fully delete IOChannelUtils",
        "file": "IOChannelUtils.java",
        "lang": "java",
        "diff": [
	" - public static void registerIOFactoriesAllowOverride(PipelineOptions options) {}"
        ]
      }
    },
    {
      "td_type": "Documentation Debt",
      "td_issue": "Deprecated elements should have both the annotation and the Javadoc tag",
      "commit": {
        "hash": "6832668ac6888d3e8d56819a7a73ff05798c7082",
        "msg": "Remove Triggers.java from SDK entirely",
        "file": "Triggers.java",
        "lang": "java",
        "diff": [
	" - /** Utilities for working with {@link Triggers Triggers}. */",
	" - @Experimental(Experimental.Kind.TRIGGER)",
	" - @Deprecated",
	" - public class Triggers implements Serializable {"
        ]
      }
    }
  ]
}