{
  "code": "",
  "email": "ekirpichov@gmail.com",
  "name": "Eugene Kirpichov",
  "project": "Apache/Beam",
  "first_commit": "2015",
  "cqs": [
    {
      "td_type": "Code Debt",
      "td_issue": "Unused type parameters should be removed",
      "commit": {
        "hash": "3b24183e90fe769911d04ca8508537411f7df896",
        "msg": "Makes ReaderIterator have the same interface as Source.Reader...",
        "file": "SourceTestUtils.java",
        "lang": "java",
        "diff": [
	" - List<T> currentItems = new ArrayList<>();",
	" - currentItems.addAll(readNItemsFromUnstartedReader(reader, numItemsToReadBeforeSplit));",
	" + List<T> currentItems = readNItemsFromUnstartedReader(reader, numItemsToReadBeforeSplit);"
        ]
      }
    },
    {
      "td_type": "Documentation Debt",
      "td_issue": "Deprecated elements should have both the annotation and the Javadoc tag",
      "commit": {
        "hash": "62e23b71e3b964033c15707629b560dfc8204654",
        "msg": "Removes DoFn.ProcessContinuation completely",
        "file": "DoFn.java",
        "lang": "java",
        "diff": [
	" - /** Do not use. See https://issues.apache.org/jira/browse/BEAM-1904 */",
	" - @Deprecated",
	" - public class ProcessContinuation {}"
        ]
      }
    },
    {
      "td_type": "Design Debt",
      "td_issue": "String literals should not be duplicated",
      "commit": {
        "hash": "78772d58d838e7967f1c29c68940888a9af8ba1e",
        "msg": "Introduces RangeTracker for thread-safe dynamic splitting",
        "file": "ByteOffsetBasedSource.java",
        "lang": "java",
        "diff": [
   	" @Override",
   	" public void validate() {",
	" - Preconditions.checkArgument(this.startOffset >= 0,",
	" - \"\"Start offset has value \"\" + this.startOffset + \"\", must be non-negative\"\");",
	" - Preconditions.checkArgument(this.endOffset >= 0,",
	" - \"\"End offset has value \"\" + this.endOffset + \"\", must be non-negative\"\");",
	" - Preconditions.checkArgument(this.startOffset < this.endOffset,",
	" - \"\"Start offset \"\" + this.startOffset + \"\" must be before end offset \"\" + this.endOffset);",
	" - Preconditions.checkArgument(this.minBundleSize >= 0,",
	" - \"\"minBundleSize has value \"\" + this.minBundleSize + \"\", must be non-negative\"\");",
	" + Preconditions.checkArgument(",
	" + this.startOffset >= 0,",
	" + \"\"Start offset has value %s, must be non-negative\"\", this.startOffset);",
	" + Preconditions.checkArgument(",
	" + this.endOffset >= 0,",
	" + \"\"End offset has value %s, must be non-negative\"\", this.endOffset);",
	" + Preconditions.checkArgument(",
	" + this.startOffset < this.endOffset,",
	" + \"\"Start offset %s must be before end offset %s\"\",",
	" + this.startOffset, this.endOffset);",
	" + Preconditions.checkArgument(",
	" + this.minBundleSize >= 0,",
	" + \"\"minBundleSize has value %s, must be non-negative\"\",",
	" + this.minBundleSize);",
  	" }"
        ]
      }
    }
  ]
}