{
  "code": "",
  "email": "iemejia@gmail.com",
  "name": "Ismaël Mejía",
  "project": "Apache/Beam",
  "first_commit": "2016",
  "cqs": [
    {
      "td_type": "Defect Debt",
      "td_issue": "Generic exceptions should never be thrown",
      "commit": {
        "hash": "1ec59a08a3fab5ac0918d7f1a33b82427957b630",
        "msg": "[BEAM-2411] Make the write transform of HBaseIO simpler",
        "file": "HBaseIO.java",
        "lang": "java",
        "diff": [
	" - public void processElement(ProcessContext ctx) throws Exception {"
        ]
      }
    }
  ]
}