{
  "code": "",
  "email": "peay@protonmail.com",
  "name": "peay",
  "project": "Apache/Beam",
  "first_commit": "2017",
  "cqs": [
    {
      "td_type": "Defect Debt",
      "td_issue": "Generic exceptions should never be thrown",
      "commit": {
        "hash": "10fc5f86fac066423c77d9b6d9e7ed87ab32ef01",
        "msg": "[BEAM-2114] Throw instead of warning when KafkaIO cannot infer coder",
        "file": "KafkaIO.java",
        "lang": "java",
        "diff": [
 	" - throw new RuntimeException(\"\"Could not extract deserializer type from \"\" + deserializer);"
        ]
      }
    }
  ]
}