{
  "code": "",
  "email": "sitnikov.vladimir@gmail.com",
  "name": "Vladimir Sitnikov",
  "project": "Apache/Calcite",
  "first_commit": "2014",
  "cqs": [
    {
      "td_type": "Design Debt",
      "td_issue": "Cognitive Complexity of methods should not be too high",
      "commit": {
        "hash": "194f6488859f7c3460fc201cab8b4a20d4cbe79a",
        "msg": "Fix julianhyde/linq4j#17, \"\"Assign constant expressions to 'static final' members\"\".",
        "file": "BlockBuilder.java",
        "lang": "java",
        "diff": [
	" + private static final Visitor OPTIMIZE_VISITOR = new OptimizeVisitor();",
       	" for (int i = 0; i < 10; i++) {",
	" - if (!optimize()) {",
	" + if (!optimize(createOptimizeVisitor(), true)) {",
           	" break;",
         	" }",
       	" }",
	" + optimize(createFinishingOptimizeVisitor(), false);",
     	" }",
     	" return Expressions.block(statements);",
   	" }",
	" -  private boolean optimize() {",
	" + private boolean optimize(Visitor optimizer, boolean performInline) {",
     	" boolean optimized = false;",
     	" final UseCounter useCounter = new UseCounter();",
     	" for (Statement statement : statements) {",
	" - if (statement instanceof DeclarationStatement) {",
	" + if (statement instanceof DeclarationStatement && performInline) {"
        ]
      }
    }
  ]
}