{
  "code": "",
  "email": "jhyde@apache.org",
  "name": "Julian Hyde",
  "project": "Apache/Calcite",
  "first_commit": "2014",
  "cqs": [
    {
      "td_type": "Defect Debt",
      "td_issue": "Package declaration should match source file directory",
      "commit": {
        "hash": "a0ba73cd2de76696b96a1cd828d2aa4d3ef9eb55",
        "msg": "[CALCITE-306] Standardize code style for \"\"import package.*;\"\" Rename classes and packages and generally fix things up after [CALCITE-296] and [CALCITE-419]. ",
        "file": "ArrayImpl.java",
        "lang": "java",
        "diff": [
	" - package net.hydromatic.avatica;",
	" -",
	" - import java.sql.*;",
	" - import java.util.*;",
	" + package org.apache.calcite.avatica;",
	" +",
	" + import java.sql.Array;",
	" + import java.sql.ResultSet;",
	" + import java.sql.SQLException;",
	" + import java.sql.Types;",
	" + import java.util.List;",
	" + import java.util.Map;"
        ]
      }
    },
    {
      "td_type": "Code Debt",
      "td_issue": "Sections of code should not be commented out",
      "commit": {
        "hash": "56cbfc3651b532e60315151d7882448ed2a1ba7d",
        "msg": "Introduce base class, Node, of Expression, and sibling class Statement. Special logic for blocks, since in a lambda function we quite often want to convert an expression to a block \"\"{ return expression; }\"\". BlockExpression, LoopExpression, WhileExpression, GotoExpression are misleadingly named, for now. Implement aggregate, sum, average, min, max on Enumerable.",
        "file": "Expressions.java",
        "lang": "java",
        "diff": [
	" - // public static <T, F extends Function<? extends T>>",
	" - // FunctionExpression<F> lambda(",
	" - // Expression body,",
	" - // boolean tailCall,",
	" - // ParameterExpression... parameters)",
	" - // {",
	" - // return lambda(body, tailCall, toList(parameters));",
	" - // }"
        ]
      }
    }
  ]
}