{
  "code": "",
  "email": "jotpe@posteo.de",
  "name": "jotpe",
  "project": "Apache/Cayenne",
  "first_commit": "2015",
  "cqs": [
    {
      "td_type": "Defect Debt",
      "td_issue": "Generic exceptions should never be thrown",
      "commit": {
        "hash": "349fcde6ca971c7451af9979a9830e0a4a4ab111",
        "msg": "replaced NullPointerException with IllegalArguementException (checkstyle warning) replaced RuntimeExcpetion with UnsupportedOperationException (checkstyle warning) modified JavaDoc for Exception handling checked instanceof for wrong variable in line 318",
        "file": "CayenneDataObject.java",
        "lang": "java",
        "diff": [
	" - throw new RuntimeException(\"\"setToManyTarget only operates with Map and Collection types\"\");",
	" + throw new UnsupportedOperationException(\"\"setToManyTarget operates only with Map or Collection types\"\");"
        ]
      }
    }
  ]
}