{
  "code": "",
  "email": "stariy95@gmail.com",
  "name": "Nikita Timofeev",
  "project": "Apache/Cayenne",
  "first_commit": "2016",
  "cqs": [
    {
      "td_type": "Defect Debt",
      "td_issue": "Anonymous inner classes containing only one method should become lambdas",
      "commit": {
        "hash": "b34c76b24a73355fb4c1085dfc10c4741668ea60",
        "msg": "CAY-2368 ColumnSelect: Property.self() translates into wrong SQL code",
        "file": "DefaultSelectTranslator.java",
        "lang": "java",
        "diff": [
	" @@ -402,16 +402,12 @@ public class DefaultSelectTranslator extends QueryAssembler implements SelectTra ",
                " QualifierTranslator qualifierTranslator = adapter.getQualifierTranslator(this);",
                " AccumulatingBindingListener bindingListener = new AccumulatingBindingListener();",
                " final String[] joinTableAliasForProperty = {null};",
	" - joinListener = new AddJoinListener() {",
	" - @Override",
	" - public void joinAdded() {",
	" - // capture last alias for joined table, will use it to resolve object columns",
	" - joinTableAliasForProperty[0] = getCurrentAlias();",
	" - }",
	" - };",
	" + // capture last alias for joined table, will use it to resolve object columns",
	" + joinListener = () -> joinTableAliasForProperty[0] = getCurrentAlias();",
                " setAddBindingListener(bindingListener);"
        ]
      }
    },
    {
      "td_type": "Documentation Debt",
      "td_issue": "@Override should be used on overriding and implementing methods",
      "commit": {
        "hash": "ec5df09b76d0415985ea50a9b29ab77f22a4304e",
        "msg": "Minor code cleanup",
        "file": "SQLTemplatePrefetchTab.java",
        "lang": "java",
        "diff": [
	" @@ -433,6 +428,7 @@ public Object getValueAt(int row, int column) {",
            	" }",
        	" }",
        	" + @Override",
        	" public Class getColumnClass(int column) {",
            	" switch (column) {",
                " case 0:"
        ]
      }
    }, 
    {
      "td_type": "Design Debt",
      "td_issue": "Cognitive Complexity of methods should not be too high",
      "commit": {
        "hash": "bc8441a06e9331fcd167c0c77acc18c6e652e493",
        "msg": "Modeler: always force run code generator",
        "file": "GeneratorController.java",
        "lang": "java",
        "diff": [
	" @@ -160,12 +160,7 @@ public abstract class GeneratorController extends CayenneController {",
	" // remove generic entities...",
         	" Collection<ObjEntity> selectedEntities = new ArrayList<>(getParentController().getSelectedEntities());",
	" - Iterator<ObjEntity> it = selectedEntities.iterator();",
	" - while (it.hasNext()) {",
	" - if (it.next().isGeneric()) {",
	" - it.remove();",
	" - }",
	" - }",
	" + selectedEntities.removeIf(ObjEntity::isGeneric);"
        ]
      }
    },
    {
      "td_type": "Code Debt",
      "td_issue": "Unused \"\"private\"\" methods should be removed",
      "commit": {
        "hash": "040bfbce6c2e79b1686f392964c6204477ec3e59",
        "msg": "Own template render implementation: first draft",
        "file": "SQLTemplateParserTokenManager.java",
        "lang": "java",
        "diff": [
	" @@ -228,22 +235,14 @@ private int jjMoveStringLiteralDfa4_0(long old0, long active0)",
	" - private int jjStartNfaWithStates_0(int pos, int kind, int state)",
	" - {",
	" - jjmatchedKind = kind;",
	" - jjmatchedPos = pos;",
	" - try { curChar = input_stream.readChar(); }",
	" - catch(java.io.IOException e) { return pos + 1; }",
	" - return jjMoveNfa_0(state, pos + 1);",
	" - }"
        ]
      }
    }
  ]
}