{
  "code": "",
  "email": "aadamchik@apache.org",
  "name": "aadamchik",
  "project": "Apache/Cayenne",
  "first_commit": "2014",
  "cqs": [
    {
      "td_type": "Defect Debt",
      "td_issue": "Raw types should not be used",
      "commit": {
        "hash": "4e887c91a5e6a84fe2bb30119dff96ec1133b790",
        "msg": "CAY-1757 ROP: Faulting entity relationship resets uncommitted modifications made to its reverse relationship",
        "file": "PersistentObjectList.java",
        "lang": "java",
        "diff": [
	" @@ -298,10 +298,7 @@ public class PersistentObjectList extends RelationshipFault implements List, Val",
                " // now that we obtained the lock, check",
                " // if another thread just resolved the list",
                " if (isFault()) {",
	" - List localList = resolveFromDB();",
	" -",
	" - mergeLocalChanges(localList);",
	" - this.objectList = localList;",
	" +this.objectList = resolveFromDB();",
                " }"
        ]
      }
    },
    {
      "td_type": "Design Debt",
      "td_issue": "Cognitive Complexity of methods should not be too high",
      "commit": {
        "hash": "271b040cced408b698cee51663a978d5a0b917c4",
        "msg": "  1) make token name a constructor parameter and remove all other implementations of this method\n2) I've created builders for domain objects (i.e. DataMap, DbObj Entity, DbObj Attribute, ...) and Factory for all builders; Main goal to provide easy way of construction objects and fill them partially with only data that necessary for test case, everything else required to make object valid will be generated randomly.\n3) DbMergerTest - test correct identification of DbToModel changes\n4) TokensReversTest - test compliance with the invariant token.reverse.reverse == token\n5) TokensToModelExecution - test application correctness of DbToModel tokens\n6) new dependency datafactory - in order to use random data in tests where exact value not really important",
        "file": "DbMerger.java",
        "lang": "java",
        "diff": [
	"@@ -405,52 +424,16 @@ public class DbMerger {",
     	" /**",
      	" /* Return true if the two unordered {@link Collection}s of {@link DbJoin}s are",
	" /* equal. Entity and Attribute names are compared case insensitively.",
	" /+*",
	" +* TODO complexity n^2; sort both collection and go through them to compare = 2*n*log(n) + n",
	"  */",
	" - private static boolean equalDbJoinCollections(",
	" - Collection<DbJoin> j1s,",
	" - Collection<DbJoin> j2s) {",
	" + private static boolean equalDbJoinCollections(Collection<DbJoin> j1s, Collection<DbJoin> j2s) {",
         	" if (j1s.size() != j2s.size()) {",
            	" return false;",
	" }",
	" for (DbJoin j1 : j1s) {",
	"- boolean foundPair = false;",
	"- for (DbJoin j2 : j2s) {",
	"- if ((j1.getSource() == null) || (j1.getSource().getEntity() == null)) {",
	" - continue;",
	" - }",
	" - f ((j1.getTarget() == null) || (j1.getTarget().getEntity() == null)) {",
	" - continue;",
	" - }",
	" - if ((j2.getSource() == null) || (j2.getSource().getEntity() == null)) {",
	" - continue;",
	" - }",
	" - if ((j2.getTarget() == null) || (j2.getTarget().getEntity() == null)) {",
	" - continue;",
	" - }",
	" - // check entity name",
	" - if (!j1.getSource().getEntity().getName().equalsIgnoreCase(",
	" - j2.getSource().getEntity().getName())) {",
	" - continue;",
	" - }",
	" - if (!j1.getTarget().getEntity().getName().equalsIgnoreCase(",
	" - j2.getTarget().getEntity().getName())) {",
	" - continue;",
	" - }",
	" - // check attribute name",
	" - if (!j1.getSourceName().equalsIgnoreCase(j2.getSourceName())) {",
	" - continue;",
	" - }",
	" - if (!j1.getTargetName().equalsIgnoreCase(j2.getTargetName())) {",
	" - continue;",
	" - }",
	" - foundPair = true;",
	" - break;",
	" - }",
	" - if (!foundPair) {",
	" + if (!havePair(j2s, j1)) {",
                " return false;",
             	" }",
         	" }",
	" @@ -458,23 +441,22 @@ public class DbMerger {",
	" return true;",
	" }",
	" - private static final class LoaderDelegate implements DbLoaderDelegate {",
	" - public void dbEntityAdded(DbEntity ent) {",
	" - }",
	" - public void dbEntityRemoved(DbEntity ent) {",
	" - }",
	" - public void objEntityAdded(ObjEntity ent) {",
	" - }",
	" + private static boolean havePair(Collection<DbJoin> j2s, DbJoin j1) {",
	" + for (DbJoin j2 : j2s) {",
	" + if (!isNull(j1.getSource()) && !isNull(j1.getTarget()) &&",
	" + !isNull(j2.getSource()) && !isNull(j2.getTarget()) &&",
	" + j1.getSource().getEntity().getName().equalsIgnoreCase(j2.getSource().getEntity().getName()) &&",
	" + j1.getTarget().getEntity().getName().equalsIgnoreCase(j2.getTarget().getEntity().getName()) &&",
	" + j1.getSourceName().equalsIgnoreCase(j2.getSourceName()) &&",	
	" + j1.getTargetName().equalsIgnoreCase(j2.getTargetName())) {",
	" - public void objEntityRemoved(ObjEntity ent) {",
	" - }",
	" - public boolean overwriteDbEntity(DbEntity ent) throws CayenneException {",
	" - return false;",
	" + return true;",
	" + }",
	" }",
	" + return false;",
	" + }",
	" + private static boolean isNull(DbAttribute attribute) {",
	" + return attribute == null || attribute.getEntity() == null;",
	" }",
	" }"
        ]
      }
    },
    {
      "td_type": "Code Debt",
      "td_issue": "Nested blocks of code should not be left empty",
      "commit": {
        "hash": "26d8434d9d79e2e9756c3ec158da9386a8bfa817",
        "msg": " CAY-2026 Java 7\n* Using AutoCloseable where possible\n* Fixing closeable resource management throughout the code",
        "file": "DBCPDataSourceFactory.java",
        "lang": "java",
        "diff": [
	"@@ -71,14 +71,9 @@ public class DBCPDataSourceFactory implements DataSourceFactory {",
	" private Properties getProperties(Resource dbcp2Configuration) throws IOException {",
                " Properties properties = new Properties();",
	" - InputStream in = dbcp2Configuration.getURL().openStream();",
	" - try {",
	" + try (InputStream in = dbcp2Configuration.getURL().openStream();) {",
                " properties.load(in);",
	" - } finally {",
	" - try {",
	" - in.close();",
	" - } catch (IOException e) {",
	" - }",
                " }",
                " return properties;"
        ]
      }
    },
    {
      "td_type": "Test Debt",
      "td_issue": "TestCases should contain tests",
      "commit": {
        "hash": "8d8e4a60a4a6636d3c4fbfa5a8bf7520c584e400",
        "msg": " unit test refactoring fixing test inheritance",
        "file": "QueryLoggerTest.java",
        "lang": "java",
        "diff": [
	" @@ -19,12 +19,13 @@",
 	" package org.apache.cayenne.access;",
	" - import org.apache.cayenne.unit.CayenneCase;",
	" + import junit.framework.TestCase;",
	" +",
	" import org.apache.cayenne.util.IDUtil;",
	" - public class QueryLoggerTest extends CayenneCase {",
	" + @Deprecated",
	" + public class QueryLoggerTest extends TestCase {",
	" +",
	" public void testSqlLiteralForObject() throws Exception {",
	" StringBuffer buf = new StringBuffer();"
        ]
      }
    }
  ]
}