{
  "code": "",
  "email": "Alex.Kolonitsky@gmail.com",
  "name": "alexkolonitsky",
  "project": "Apache/Cayenne",
  "first_commit": "2014",
  "cqs": [
    {
      "td_type": "Code Debt",
      "td_issue": "Unused assignments should be removed",
      "commit": {
        "hash": "09c6da925df7ea651394e6cc33251b4c20a93aa3",
        "msg": "Merge remote-tracking branch 'apache/master'",
        "file": "DbLoader.java",
        "lang": "java",
        "diff": [
               " - DbPath path = new DbPath(fkEntity.getCatalog(), fkEntity.getSchema(), fkEntity.getName());"
        ]
      }
    }
  ]
}