{
  "code": "",
  "email": "ollybondareva@gmail.com",
  "name": "Olga Tkachova",
  "project": "Apache/Cayenne",
  "first_commit": "2016",
  "cqs": [
    {
      "td_type": "Design Debt",
      "td_issue": "Cognitive Complexity of methods should not be too high",
      "commit": {
        "hash": "29671e75b38620811c2bfc6c0f2b0af01d4942dd",
        "msg": "Revert to the old Reverse Engineering UI style",
        "file": "CellRenderers.java",
        "lang": "java",
        "diff": [
	" @@ -121,18 +120,6 @@ else if (object instanceof Attribute) {",
        	" else if (object instanceof Embeddable) {",
        	" return embeddableIcon;",
	" }",
	" - else if (object instanceof DbColumn) {",
	" - return attributeIcon;",
	" - }",
	" - else if (object instanceof DbProcedure) {",
	" - return procedureIcon;",
	" - }",
	" - else if (object instanceof DbEntity) {",
	" - return dbEntityIcon;",
	" - }",
	" - else if (object instanceof DbCatalog) {",
	" - return catalogIcon;",
	" }",
	" return null;",
	" }"
        ]
      }
    },
    {
      "td_type": "Code Debt",
      "td_issue": "Unused \"private\" fields should be removed",
      "commit": {
        "hash": "29671e75b38620811c2bfc6c0f2b0af01d4942dd",
        "msg": "Revert to the old Reverse Engineering UI style",
        "file": "ReverseEngineeringScrollPane.java",
        "lang": "java",
        "diff": [
	" @@ -1,34 +0,0 @@",
	" - import javax.swing.JScrollPane;",
	" - public class ReverseEngineeringScrollPane extends JScrollPane {",
	" - private ReverseEngineeringView reverseEngineeringView;",
	" - public ReverseEngineeringScrollPane(ReverseEngineeringView reverseEngineeringView) {",
	" - super(reverseEngineeringView);",
	" - this.reverseEngineeringView = reverseEngineeringView;",
	" - }",
	" - }"
        ]
      }
    }, 
    {
      "td_type": "Defect Debt",
      "td_issue": "Generic exceptions should never be thrown",
      "commit": {
        "hash": "29671e75b38620811c2bfc6c0f2b0af01d4942dd",
        "msg": "Revert to the old Reverse Engineering UI style",
        "file": "ReverseEngineeringController.java",
        "lang": "java",
        "diff": [
	" @@ -1,243 +0,0 @@",
	" - private void buildDBProperties() throws Exception {",
	" - ClassLoadingService classLoader = getApplication().getClassLoadingService();",
	" - this.dataSource = connectionInfo.makeDataSource(classLoader);",
	" - this.adapter = connectionInfo.makeAdapter(classLoader);",
	" - }"
        ]
      }
    }
  ]
}