{
  "code": "",
  "email": "ancarseni@gmail.com",
  "name": "Arseni Bulatski",
  "project": "Apache/Cayenne",
  "first_commit": "2017",
  "cqs": [
    {
      "td_type": "Code Debt",
      "td_issue": "Sections of code should not be commented out",
      "commit": {
        "hash": "b30e5eb5d9e22f7ff0c7d3e8763d9b990bd8cb4d",
        "msg": "Cgen task refactoring",
        "file": "GeneratorController.java",
        "lang": "java",
        "diff": [
	" @@ -1,561 +0,0 @@",
	" - ///**",
	" - // * A mode-specific part of the code generation dialog.",
	" - // */",
	" - // public abstract class GeneratorController extends CayenneController {",
	" - //    protected String mode = ArtifactsGenerationMode.ALL.getLabel();",
	" - //    protected Map<DataMap, DataMapDefaults> mapPreferences;",
	" - //    private String outputPath;",
	" - //    public GeneratorController(CodeGeneratorControllerBase parent) {",
	" - //        super(parent);",
	" - //        createDefaults();",
	" - //        createView();",
	" - //        initBindings(new BindingBuilder(getApplication().getBindingFactory(), this));",
	" - //    }",
	" - //    public String getOutputPath() {",
	" - //        return outputPath;",
	" - //    }"
        ]
      }
    },
    {
      "td_type": "Defect Debt",
      "td_issue": "Raw types should not be used",
      "commit": {
        "hash": "d9db6e3123eae9e2863058c88d455837a244821c",
        "msg": "Add loading cgen config loading from datamap to maven, ant and gradle plugins",
        "file": "CustomModePanel.java",
        "lang": "java",
        "diff": [
	"@@ -29,18 +29,23 @@",
	" public class CustomModePanel extends GeneratorControllerPanel {",
	" - private ComboBoxAdapter generationMode;",
	" - private ComboBoxAdapter subclassTemplate;",
	" - private ComboBoxAdapter superclassTemplate;",
	" - private ComboBoxAdapter embeddableTemplate;",
	" - private ComboBoxAdapter embeddableSuperTemplate;",
	" - private ComboBoxAdapter dataMapTemplate;",
	" - private ComboBoxAdapter dataMapSuperTemplate;",
	" + private ComboBoxAdapter<String> generationMode;",
	" + private ComboBoxAdapter<String> subclassTemplate;",
	" + private ComboBoxAdapter<String> superclassTemplate;",
	" + private ComboBoxAdapter<String> embeddableTemplate;",
	" + private ComboBoxAdapter<String> embeddableSuperTemplate;",
	" + private ComboBoxAdapter<String> dataMapTemplate;",
	" + private ComboBoxAdapter<String> dataMapSuperTemplate;"
        ]
      }
    } 
  ]
}