{
  "code": "",
  "email": "dkazimirchyk@gmail.com",
  "name": "Dzmitry Kazimirchyk",
  "project": "Apache/Cayenne",
  "first_commit": "2016",
  "cqs": [
    {
      "td_type": "Defect Debt",
      "td_issue": "Local variables should not shadow class fields",
      "commit": {
        "hash": "a265b3aba5f8c2d0b4a8ef08d7d00b80a82724ab",
        "msg": "CAY-2060 Ongoing work on replacing actual query objects stored in the DataMap with query descriptors.",
        "file": "QueryType.java",
        "lang": "java",
        "diff": [
	" @@-164,38 +140,30 @@ public void createQuery() {",
	" - public Query getSelectedQuery() {",
	" - return selectedQuery;",
	" - }",
	" - public void setSelectedQuery(AbstractQuery selectedQuery) {",
	" - this.selectedQuery = selectedQuery;",
	" + public String getSelectedQuery() {",
	" + return type;",
	" }",
	" public void setObjectSelectQuery() {",
	" - selectedQuery = objectSelectQuery;",   
	" + this.type = QueryDescriptor.SELECT_QUERY;",
	" }"
        ]
      }
    },
    {
      "td_type": "Code Debt",
      "td_issue": "Sections of code should not be commented out",
      "commit": {
        "hash": "74f65f9756ef49b2d830fe1ef19f18f74547387d",
        "msg": "CAY-2060 Restore code which was left commented out by accident",
        "file": "RawQueryPropertiesPanel.java",
        "lang": "java",
        "diff": [
	" @@ -126,9 +123,7 @@ protected void initView() {",
	" public void initFromModel(QueryDescriptor query) {",
	" super.initFromModel(query);",
	" - // EntityResolver entRes = new EntityResolver(((DataChannelDescriptor) mediator",
	" - // .getProject()",
	" - // .getRootNode()).getDataMaps());"
        ]
      }
    }, 
    {
      "td_type": "Test Debt",
      "td_issue": "Tests should include assertions",
      "commit": {
        "hash": "74f65f9756ef49b2d830fe1ef19f18f74547387d",
        "msg": "CAY-2060 Restore code which was left commented out by accident",
        "file": "DataMapNamespaceTest.java",
        "lang": "java",
        "diff": [
	" @@ -111,17 +110,19 @@ public class DataMapNamespaceTest {",
	" public void testGetQuery() throws Exception {",
	" MockMappingNamespace namespace = new MockMappingNamespace();",
	" map.setNamespace(namespace);",
	" + QueryDescriptor q1 = QueryDescriptor.selectQueryDescriptor();",
	" + q1.setName(\"\"query\"\");",
	" + QueryDescriptor q2 = QueryDescriptor.selectQueryDescriptor();",
	" + q2.setName(\"\"query\"\");",
	" + namespace.addQueryDescriptor(q1);",
	" + assertSame(q1, map.getQueryDescriptor(\"\"query\"\"));",	
	" + map.addQueryDescriptor(q2);",
	" + assertSame(q2, map.getQueryDescriptor(\"\"query\"\"));",
	" + map.removeQueryDescriptor(\"\"query\"\");",
	" + assertSame(q1, map.getQueryDescriptor(\"\"query\"\"));",
    	" }",
 	" }"
        ]
      }
    }
  ]
}