{
  "code": "",
  "email": "sebb@apache.org",
  "name": "Sebastian Bazley",
  "project": "Apache/Commons IO",
  "first_commit": "2008",
  "cqs": [
    {
      "td_type": "Code Debt",
      "td_issue": "Unused method parameters should be removed",
      "commit": {
        "hash": "f584ed909815d3020e718c8dd9c1f335c7a1543d",
        "msg": "IO-311 IOUtils.read(InputStream/Reader) ignores the offset parameter",
        "file": "IOUtils.java",
        "lang": "java",
        "diff": [
	" public static int read(InputStream input, byte[] buffer, int offset, int length) throws IOException {",
        	"if (length < 0) {",
            	" throw new IllegalArgumentException(\"\"Length must not be negative: \"\" + length);",
       	" }",
        	" int remaining = length;",
        	" while (remaining > 0) {",
            	" int location = length - remaining;",
	" - int count = input.read(buffer, location, remaining);",
	" + int count = input.read(buffer, offset + location, remaining);"
        ]
      }
    },
    {
      "td_type": "Defect Debt",
      "td_issue": "Overrides should match their parent class methods in synchronization",
      "commit": {
        "hash": "5c8a6f44016a12aee9e485d94fc295fcd27375a6",
        "msg": "IO-312 CharSequenceInputStream(CharSequence s, Charset charset, int bufferSize) ignores bufferSize",
        "file": "CharSequenceInputStream.java",
        "lang": "java",
        "diff": [
     	" @Override",
	" - public void reset() throws IOException {",
	" + public synchronized void reset() throws IOException {",
        	" if (this.mark != -1) {",
            	" this.cbuf.position(this.mark);",
            	" this.mark = -1;"
        ]
      }
    },
    {
      "td_type": "Test Debt",
      "td_issue": "Tests should not be ignored",
      "commit": {
        "hash": "cbc5a146154ada255d491d6509497d0d57bad336",
        "msg": "IO-356 CharSequenceInputStream#reset() behaves incorrectly in case when buffer size is not dividable by data size. Fix code so skip relates to the encoded bytes; reset now re-encodes the data up to the point of the mark",
        "file": "CharSequenceInputStreamTest.java",
        "lang": "java",
        "diff": [
    	" public void testBufferedRead_AvailableCharset() throws IOException {",
        	" for (final String csName : Charset.availableCharsets().keySet()) {",
            	" // prevent java.lang.UnsupportedOperationException at sun.nio.cs.ext.ISO2022_CN.newEncoder.", 
	" - if (Charset.forName(csName).canEncode()) {",
	" + if (Charset.forName(csName).canEncode() && ! \"\"COMPOUND_TEXT\"\".equalsIgnoreCase(csName)) {",
                " testBufferedRead(TEST_STRING, csName);",
            	" }",
        	" }"
        ]
      }
    }
  ]
}