{
  "code": "",
  "email": "olamy@apache.org",
  "name": "Olivier Lamy",
  "project": "Apache/Commons IO",
  "first_commit": "2013",
  "cqs": [
    {
      "td_type": "Design Debt",
      "td_issue": "Collapsible \"\"if\"\" statements should be merged",
      "commit": {
        "hash": "c6edda83ce73bd42f5dbdb92eba7f9e4a9264d58",
        "msg": "use spaces not tabs",
        "file": "WindowsLineEndingInputStream.java",
        "lang": "java",
        "diff": [
	" - /**",
	" - * @inheritDoc",
	" - */",
	" - @Override",
	" - public int read() throws IOException {",
	" - if (eofSeen) {",
	" - return eofGame();",
	" - } else if (injectSlashN) {",
	" - injectSlashN = false;",
	" - return '\n';",
	" - } else {",
	" - boolean prevWasSlashR = slashRSeen;",
	" - int target = readWithUpdate();",
	" - if (eofSeen) {",
	" - return eofGame();",
	" - }",
	" - if (target == '\n') {",
	" - if (!prevWasSlashR) {",
	" - injectSlashN = true;",
	" - return '\r';",
	" - }",
	" - }",
	" - return target;",
	" - }",
	" - }"
        ]
      }
    }
  ]
}