{
  "code": "",
  "email": "krosenvold@apache.org",
  "name": "Kristian Rosenvold",
  "project": "Apache/Commons IO",
  "first_commit": "2015",
  "cqs": [
    {
      "td_type": "Test Debt",
      "td_issue": "Thread.sleep should not be used in tests",
      "commit": {
        "hash": "e4e9fc66487aa7386917030810fd468856483ab4",
        "msg": "Added private and test-scoped sleep method that actually sleeps for a guaranteed minimal time",
        "file": "TailerTest.java",
        "lang": "java",
        "diff": [
       	" final long testDelayMillis = delay * 10;",
	" - Thread.sleep(testDelayMillis);",
	" + TestUtils.sleep(testDelayMillis);"
        ]
      }
    },
    {
      "td_type": "Defect Debt",
      "td_issue": "Generic exceptions should never be thrown",
      "commit": {
        "hash": "51f13c846dae950e1d27693c9e23c1063945210f",
        "msg": "Updated for Java7 features",
        "file": "Java7Support.java",
        "lang": "java",
        "diff": [
	" return result.booleanValue();",
	" - } catch (IllegalAccessException e) {",
	" - throw new RuntimeException(e);",
	" - } catch (InvocationTargetException e) {",
	" + } catch (IllegalAccessException | InvocationTargetException e) {"
        ]
      }
    }
  ]
}