{
  "code": "",
  "email": "gardgregory@gmail.com",
  "name": "Gary Gregory",
  "project": "Apache/Commons IO",
  "first_commit": "2006",
  "cqs": [
    {
      "td_type": "Test Debt",
      "td_issue": "Tests should include assertions",
      "commit": {
        "hash": "7c111fecd837f22f1f8c1faa38dbef0f4a0e91ee",
        "msg": "[IO-632] Add PathUtils for operations on NIO Path. Refactor for counting longs and big integers. Add cleaning visitor.",
        "file": "PathCountsTest.java",
        "lang": "java",
        "diff": [
	" public class PathCountsTest {",
	" + @Test",
	" + public void testCtor() {",
	" + final PathCounts pathCounts = new PathCounts();",
	" + Assertions.assertEquals(pathCounts.getByteCount(), 0);",
	" + Assertions.assertEquals(pathCounts.getDirectoryCount(), 0);",
	" + Assertions.assertEquals(pathCounts.getFileCount(), 0);",
	" + }",
	" ",
    	" @Test",
    	" public void testToString() {",
        	" // Does not blow up",
        	" new PathCounts().toString();",
    	" }",
	" }"
        ]
      }
    },
    {
      "td_type": "Code Debt",
      "td_issue": "Try-with-resources should be used",
      "commit": {
        "hash": "4dc97b64005f0083b2facaa70f661138a4fa3fc0",
        "msg": "[IO-505] Deprecated of all IOUtils.closeQuietly() methods and use try-with-resources internally.",
        "file": "MagicNumberFileFilter.java",
        "lang": "java",
        "diff": [
	" public boolean accept(final File file) {",
         	" if (file != null && file.isFile() && file.canRead()) {",
	" - RandomAccessFile randomAccessFile = null;",
            	" try {",
	" - final byte[] fileBytes = new byte[this.magicNumbers.length];",
	" - randomAccessFile = new RandomAccessFile(file, \"\"r\"\");",
	" - randomAccessFile.seek(byteOffset);",
	" - final int read = randomAccessFile.read(fileBytes);",
	" - if (read != magicNumbers.length) {",
	" - return false;",
	" + try (RandomAccessFile randomAccessFile = new RandomAccessFile(file, \"\"r\"\")) {",
	" + final byte[] fileBytes = new byte[this.magicNumbers.length];",
	" + randomAccessFile.seek(byteOffset);",
	" + final int read = randomAccessFile.read(fileBytes);",
	" + if (read != magicNumbers.length) {",
	" + return false;",
	" + }",
	" + return Arrays.equals(this.magicNumbers, fileBytes);",
              	" }",
	" - return Arrays.equals(this.magicNumbers, fileBytes);",
	" - } catch (final IOException ioe) {"
        ]
      }
    },
    {
      "td_type": "Design Debt",
      "td_issue": "Source files should not have any duplicated blocks",
      "commit": {
        "hash": "154cb7648ffde863b2548eba10b330c51a103c6a",
        "msg": "[IO-632] Add PathUtils for operations on NIO Path. Refactor to add PathUtils.copyDirectory(Path, Path, CopyOption...)",
        "file": "DeletingPathVisitor.java",
        "lang": "java",
        "diff": [
	" if (PathUtils.isEmptyDirectory(dir)) {",
             	" Files.deleteIfExists(dir);",
         	" }",
	" - super.postVisitDirectory(dir, exc);",
	" - return FileVisitResult.CONTINUE;",
	" + return super.postVisitDirectory(dir, exc);"
        ]
      }
    }
  ]
}