{
  "code": "",
  "email": "jochen.wiedmann@softwareag.com",
  "name": "Jochen Wiedmann",
  "project": "Apache/Commons IO",
  "first_commit": "2007",
  "cqs": [
    {
      "td_type": "Defect Debt",
      "td_issue": "\"\"readResolve\"\" methods should be inheritable",
      "commit": {
        "hash": "186225b7d611ab2252024d4a38d8fb1091b7ebab",
        "msg": "Merged in changes from 1.3 branch.",
        "file": "FileCleaningTracker.java",
        "lang": "java",
        "diff": [
	" //",
	" - /**",
	" - * This method is called when an instance is deserialized.",
	" - * It replaces the deserialized instance with a new, fresh",
	" - * instance.",
	" - * @return A new instance, which hasn't been in use so far.",
	" - * @throws ObjectStreamException Not actually thrown.",
	" - */",
	" - private Object readResolve() throws ObjectStreamException {",
	" - return new FileCleaningTracker();",
	" - }",
	" -}"
        ]
      }
    }
  ]
}