{
  "code": "",
  "email": "scolebourne@apache.org",
  "name": "Stephen Colebourne",
  "project": "Apache/Commons IO",
  "first_commit": "2002",
  "cqs": [
    {
      "td_type": "Defect Debt",
      "td_issue": "Raw types should not be used",
      "commit": {
        "hash": "9c18390762527fe8d1bf7af8ded586566cdbb59c",
        "msg": "IO-99 - FileCleaner.exitWhenFinished, to allow the thread to be terminated",
        "file": "FileCleaner.java",
        "lang": "java",
        "diff": [
	" - private static Thread reaper = new Thread(\"\"File Reaper\"\") {",
	" - /**",
	" - * Run the reaper thread that will delete files as their associated",
	" - * marker objects are reclaimed by the garbage collector.",
	" - */",
	" - public void run() {",
	" - for (;;) {",
	" - Tracker tracker = null;",
	" - try {",
	" - // Wait for a tracker to remove.",
	" - tracker = (Tracker) q.remove();",
	" - } catch (Exception e) {",
	" - continue;",
	" - }",
	" - tracker.delete();",
	" - tracker.clear();",
	" - trackers.remove(tracker);",
	" - }",
	" - }",
	" - };"
        ]
      }
    },
    {
      "td_type": "Code Debt",
      "td_issue": "Synchronized classes Vector, Hashtable, Stack and StringBuffer should not be used",
      "commit": {
        "hash": "9c18390762527fe8d1bf7af8ded586566cdbb59c",
        "msg": "IO-99 - FileCleaner.exitWhenFinished, to allow the thread to be terminated",
        "file": "FileCleaner.java",
        "lang": "java",
        "diff": [
    	" - private static Collection /* Tracker */ trackers = new Vector();"
        ]
      }
    }
  ]
}