{
  "code": "",
  "email": "niallp@apache.org",
  "name": "Niall Pemberton",
  "project": "Apache/Commons IO",
  "first_commit": "2006",
  "cqs": [
    {
      "td_type": "Documentation Debt",
      "td_issue": "@Override should be used on overriding and implementing methods",
      "commit": {
        "hash": "91509112bb42d52eb4cef40f2dee16a3633b446f",
        "msg": "IO-140 annotate with @override and @deprecated",
        "file": "FileDeleteStrategy.java",
        "lang": "java",
        "diff": [
     	" *",
     	" * @return a string describing the delete strategy",
     	" */",
	" + @Override",
     	" public String toString() {",
        	" return \"\"FileDeleteStrategy[\"\" + name + \"\"]\"\";",
    	" }"
        ]
      }
    },
    {
      "td_type": "Defect Debt",
      "td_issue": "Raw types should not be used",
      "commit": {
        "hash": "a74a5a0c6ff41a4ca0a08caf740ebce1dc3c6d10",
        "msg": "IO-140 JDK 1.5 changes: Use generics",
        "file": "FileSystemUtils.java",
        "lang": "java",
        "diff": [
        	" // perform the command, asking for up to 3 lines (header, interesting, overflow)",
	" - List lines = performCommand(cmdAttribs, 3);",
	" + List<String> lines = performCommand(cmdAttribs, 3);"
        ]
      }
    },
    {
      "td_type": "Code Debt",
      "td_issue": "Synchronized classes Vector, Hashtable, Stack and StringBuffer should not be used",
      "commit": {
        "hash": "6d6a73a689ce734d094f71723752cde23a1d9259",
        "msg": "IO-140 JDK 1.5 changes: Use StringBuilder (not-sync) instead of StringBuffer",
        "file": "PrefixFileFilter.java",
        "lang": "java",
        "diff": [
    	" public String toString() {",
	" - StringBuffer buffer = new StringBuffer();",
	" +StringBuilder buffer = new StringBuilder();"
        ]
      }
    },
    {
      "td_type": "Design Debt",
      "td_issue": "Cognitive Complexity of methods should not be too high",
      "commit": {
        "hash": "2fbbf47aaf12f3efc333caf06bb61d63472d610e",
        "msg": "Replace BOM detection and XML guess logic with BOMInputStream",
        "file": "XmlStreamReader.java",
        "lang": "java",
        "diff": [
	" - if (bytes[0] == 0x00 && bytes[1] == 0x3C && bytes[2] == 0x00",
	" - && bytes[3] == 0x3F) {",
	" - encoding = UTF_16BE;",
	" - } else if (bytes[0] == 0x3C && bytes[1] == 0x00 && bytes[2] == 0x3F",
	" - && bytes[3] == 0x00) {",
	" - encoding = UTF_16LE;",
	" - } else if (bytes[0] == 0x3C && bytes[1] == 0x3F && bytes[2] == 0x78",
	" - && bytes[3] == 0x6D) {",
	" - encoding = UTF_8;",
	" - } else if (bytes[0] == 0x4C && bytes[1] == 0x6F && bytes[2] == 0xA7",
	" - && bytes[3] == 0x94) {",
	" - encoding = EBCDIC;",
	" - }",
	" - return encoding;"
        ]
      }
    }
  ]
}