{
  "code": "",
  "email": "jukka@apache.org",
  "name": "Jukka Zitting",
  "project": "Apache/Commons IO",
  "first_commit": "2008",
  "cqs": [
    {
      "td_type": "Design Debt",
      "td_issue": "Source files should not have any duplicated blocks",
      "commit": {
        "hash": "2853baafcb5ffc93d087efc230ce79e0bbab0536",
        "msg": "IO-192: Tagged input and output streams. Added static checker methods on TaggedIOException. This simplified the tagged stream classes and should make it easier to reuse just the TaggedIOException class. Made the tag object Serializable. Switched to using a unique id (UUID) object per tagged stream instead of the stream instance as the tag that binds thrown exceptions to the tagged stream.",
        "file": "TaggedInputStream.java ",
        "lang": "java",
        "diff": [
	" - public boolean isCauseOf(IOException exception) {",
	" - if (exception instanceof TaggedIOException) {",
	" - TaggedIOException tagged = (TaggedIOException) exception;",	
	" - return this == tagged.getTag();",
	" - } else {",
	" - return false;",
	" - }",
	" + public boolean isCauseOf(Throwable exception) {",
	" + return TaggedIOException.isTaggedWith(exception, tag);",
	" }"
        ]
      }
    }
  ]
}