{
  "code": "",
  "email": "tandraschko@apache.org",
  "name": "tandraschko",
  "project": "Apache/Deltaspike",
  "first_commit": "2014",
  "cqs": [
    {
      "td_type": "Code Debt",
      "td_issue": "\"\"switch\"\" statements should have \"\"default\"\" clauses",
      "commit": {
        "hash": "b48416ae6a33c80c6a2c9c7e763abd157d580014",
        "msg": "DELTASPIKE-1267 Remove second factory mechanism of QueryBuilder's",
        "file": "QueryBuilderFactory.java",
        "lang": "java",
        "diff": [
 	" switch (repositoryMethodType)",
        	" {",
            	" case ANNOTATED:",
                " return annotatedQueryBuilder;",
            	" case PARSE:",
                " return methodQueryBuilder;",
            	" case DELEGATE:",
                " return delegateQueryBuilder;",
            	" + default:",
                " +throw new RuntimeException(",
                " + \"\"No \"\" + QueryBuilder.class.getName() + \"\" avialable for type: \"\" + repositoryMethodType);",
        	" }"
        ]
      }
    },
    {
      "td_type": "Defect Debt",
      "td_issue": "Generic exceptions should never be thrown",
      "commit": {
        "hash": "b48416ae6a33c80c6a2c9c7e763abd157d580014",
        "msg": "DELTASPIKE-1267 Remove second factory mechanism of QueryBuilder's",
        "file": "QueryBuilderFactory.java",
        "lang": "java",
        "diff": [
	" - throw new RuntimeException(\"\"No \"\" + QueryBuilder.class.getName() + \"\" avialable for type: \"\" + repositoryMethodType);"
        ]
      }
    }
  ]
}