{
  "code": "",
  "email": "johndament@apache.org",
  "name": "John D. Ament",
  "project": "Apache/Deltaspike",
  "first_commit": "2011",
  "cqs": [
    {
      "td_type": "Code Debt",
      "td_issue": "Nested blocks of code should not be left empty",
      "commit": {
        "hash": "2cc5eeb074081aa5157da3420995f5cd85220c40",
        "msg": "DELTASPIKE-1326 Remove backwards compatible layer for Java 8 in Data Module, since Java 8 is now required. Test against Wildfly 10 by default.",
        "file": "OptionalUtil.java",
        "lang": "java",
        "diff": [
	" - public static Object wrap(Object input)",
	" - {",
	" - if (!optionalSupported)",
	" - {",
	" - return input;",
	" - }",
	" - try",
	" - {",
	" - return optionalMethod.invoke(null, input);",
	" - }",
	" - catch (IllegalAccessException e)",
	" - {",
	" - }",
	" - catch (InvocationTargetException e)",
	" - {",
	" - }",
	" - return null;",
	" - }"
        ]
      }
    },
   {
      "td_type": "Defect Debt",
      "td_issue": "Assertion arguments should be passed in the correct order",
      "commit": {
        "hash": "2cc5eeb074081aa5157da3420995f5cd85220c40",
        "msg": "DELTASPIKE-1326 Remove backwards compatible layer for Java 8 in Data Module, since Java 8 is now required. Test against Wildfly 10 by default.",
        "file": "OptionalUtilTest.java",
        "lang": "java",
        "diff": [
	" - @Test",
    	" - public void shouldIdentifyOptionalReturnType() throws Exception",
    	" - {",
        	" - Method empty = getOptionalClass().getMethod(\"\"empty\"\");",
        	" - Assert.assertTrue(OptionalUtil.isOptionalReturned(empty));",
    	" - }",
    	" - @Test",
    	" - public void shouldReturnEmptyWhenGivenNull() throws Exception",
    	" - {",
       	" - Object wrapped = OptionalUtil.wrap(null);",
       	" - Method isPresent = getOptionalClass().getMethod(\"\"isPresent\"\");",
       	" - Object invoke = isPresent.invoke(wrapped);",
       	" - Assert.assertEquals(invoke, Boolean.FALSE);",
    	" - }",
    	" - @Test",
    	" - public void shouldReturnNotEmptyWhenGivenNonnull() throws Exception",
    	" - {",
       	" - Object wrapped = OptionalUtil.wrap(\"\"String\"\");",
        	" - Method isPresent = getOptionalClass().getMethod(\"\"isPresent\"\");",
        	" - Object invoke = isPresent.invoke(wrapped);",
       	" - Assert.assertEquals(invoke, Boolean.TRUE);",
    	" - }"
        ]
      }
    }
  ]
}