{
  "code": "",
  "email": "struberg@apache.org",
  "name": "Mark Struberg",
  "project": "Apache/Deltaspike",
  "first_commit": "2011",
  "cqs": [
    {
      "td_type": "Defect Debt",
      "td_issue": "Encryption algorithms should be used with secure mode and padding scheme",
      "commit": {
        "hash": "ebcac8257f3a170d5dcb2e8244e476830ade4c43",
        "msg": "DELTASPIKE-1250 add CLI client and switch to sha256",
        "file": "DefaultCipherService.java",
        "lang": "java",
        "diff": [
           	" - Cipher cipher = Cipher.getInstance(\"\"AES\"\");",
           	" + Cipher cipher = Cipher.getInstance(CIPHER_ALGORITHM);",
            	" cipher.init(Cipher.DECRYPT_MODE, secretKeySpec);",
            	" return new String(cipher.doFinal(encryptedValue), UTF_8);",
        	" }",
       	" catch (Exception e)",
      	" {",
            	" - throw ExceptionUtils.throwAsRuntimeException(e);",
            	" + throw new RuntimeException(e);",
        	" }",
    	" }"
        ]
      }
    }
  ]
}