{
  "code": "",
  "email": "gpetracek@apache.org",
  "name": "Gerhard Petracek",
  "project": "Apache/Deltaspike",
  "first_commit": "2011",
  "cqs": [
    {
      "td_type": "Design Debt",
      "td_issue": "Cognitive Complexity of methods should not be too high",
      "commit": {
        "hash": "7177eda1fa84d3e2db4119c74d470e5c344133bf",
        "msg": "DELTASPIKE-1320 spi for global-alternatives",
        "file": "ExcludeExtension.java",
        "lang": "java",
        "diff": [
	" - Map<String, String> allProperties = ConfigResolver.getAllProperties();",
	" - for (Map.Entry<String, String> property : allProperties.entrySet())",
	" - {",
	" - if (activeQualifierLabel != null && property.getKey().startsWith(activeQualifierLabel))",
	" - {",
	" - String interfaceName = property.getKey().substring(activeQualifierLabel.length());",
	" - String implementation = property.getValue();",
	" - if (LOG.isLoggable(Level.FINE))",
	" - {",
	" - LOG.fine(\"\"Enabling labeled alternative for interface \"\"",
	" - + interfaceName + \"\": \"\" + implementation);",
	" - }",
	" - globalAlternatives.put(interfaceName, implementation);",
	" - }",
	" - else if (property.getKey().startsWith(GLOBAL_ALTERNATIVES))",
	" - {",
	" - String interfaceName = property.getKey().substring(GLOBAL_ALTERNATIVES.length());",
	" - String implementation = property.getValue();",
	" - if (LOG.isLoggable(Level.FINE))",
	" - {",
	" - LOG.fine(\"\"Enabling global alternative for interface \"\" + interfaceName + \"\": \"\" + implementation);",
	" - }",
	" - globalAlternatives.put(interfaceName, implementation);",
	" - }",
	" - }",
	" + loadGlobalAlternativeConfigs();",
	" + private void loadGlobalAlternativeConfigs()",
	" + {",
	" + List<AlternativeBeanClassProvider> alternativeBeanClassProviders =",
	" + new ArrayList<AlternativeBeanClassProvider>();",
	" + if (ClassDeactivationUtils.isActivated(LabelAwareGlobalAlternativeBeanClassProvider.class))",
	" + {",
	" + alternativeBeanClassProviders.add(new LabelAwareGlobalAlternativeBeanClassProvider());",
	" + }",
	" + alternativeBeanClassProviders.addAll(",
	" + ServiceUtils.loadServiceImplementations(AlternativeBeanClassProvider.class));",
	" + for (AlternativeBeanClassProvider currentProvider : alternativeBeanClassProviders)",
	" + {",
	" + Map<String, String> alternativeBeanMappings = currentProvider.getAlternativeMapping();",
	" + globalAlternatives.putAll(alternativeBeanMappings);",
	" + }",
	" + }"
        ]
      }
    }
  ]
}