{
  "code": "",
  "email": "arina.yelchiyeva@gmail.com",
  "name": "Arina Ielchiieva",
  "project": "Apache/Drill",
  "first_commit": "2016",
  "cqs": [
    {
      "td_type": "Code Debt",
      "td_issue": "Sections of code should not be commented out",
      "commit": {
        "hash": "f8bc0db29f08ec9f9ff082bec202a2ab2495bac1",
        "msg": "DRILL-7367: Remove Server details from response headers",
        "file": "WebServer.java",
        "lang": "java",
        "diff": [
	" @@ -274,18 +273,6 @@ public class WebServer implements AutoCloseable {",
	" @Override",
	" public void logout(UserIdentity user) {",
	" }",
	" - // @Override",
	" - // protected UserIdentity loadUser(String username) {",
	" - // // TODO Auto-generated method stub",
	" - // return null;",
	" - // }",
	" - //",	
	" - // @Override",
	" - // protected void loadUsers() throws IOException {",
	" - // putUser( \"\"fred\"\", new Password( \"\"wilma\"\" ), new String[] { ADMIN_ROLE } );",
	" - // }",
	" }"
        ]
      }
    },
    {
      "td_type": "Defect Debt",
      "td_issue": "Generic exceptions should never be thrown",
      "commit": {
        "hash": "44b990be5c15e1c480725cfb78fcabb40216ebf0",
        "msg": "DRILL-6870: Upgrade to ANTLR4",
        "file": "SchemaPath.java",
        "lang": "java",
        "diff": [
	" - if (ret.e instanceof SchemaPath) {",
	" - return (SchemaPath) ret.e;",
	" - } else {",
	" - throw new IllegalStateException(\"\"Schema path is not a valid format.\"\");",
	" - }",	
	" - } catch (RecognitionException e) {",
	" - throw new RuntimeException(e);",
	" + LogicalExpression logicalExpression = LogicalExpressionParser.parse(expr);",
	" + if (logicalExpression instanceof SchemaPath) {",
	" + return (SchemaPath) logicalExpression;",
	" + } else {",
	" + throw new IllegalStateException(String.format(\"\"Schema path is not a valid format: %s.\"\", logicalExpression));",
	" }",
	" }"
        ]
      }
    }
  ]
}