{
  "code": "",
  "email": "hanu.ncr@gmail.com",
  "name": "Hanumath Rao Maduri",
  "project": "Apache/Drill",
  "first_commit": "2018",
  "cqs": [
    {
      "td_type": "Code Debt",
      "td_issue": "Unused method parameters should be removed",
      "commit": {
        "hash": "162c0381cfbe3573c96596551463c12cbc4a1aaf",
        "msg": "DRILL-7183: TPCDS query 10, 35, 69 take longer with sf 1000 when Statistics are disabled.",
        "file": "PlannerPhase.java",
        "lang": "java",
        "diff": [
	" - public RuleSet getRules(OptimizerRulesContext context, Collection<StoragePlugin> plugins) {",
	" - return PlannerPhase.mergedRuleSets(",
	" - RuleSets.ofList(DrillSemiJoinRule.JOIN)",
	" - );",
	" - }"
        ]
      }
    }
  ]
}