{
  "code": "",
  "email": "vvovyk@gmail.com",
  "name": "Volodymyr Vysotskyi",
  "project": "Apache/Drill",
  "first_commit": "2017",
  "cqs": [
    {
      "td_type": "Defect Debt",
      "td_issue": "Raw types should not be used",
      "commit": {
        "hash": "7ab4c3739f34e9e96cbdfa883325a10311a8ef02",
        "msg": "DRILL-7273: Introduce operators for handling metadata",
        "file": "AbstractParquetGroupScan.java",
        "lang": "java",
        "diff": [
	" - protected abstract RowGroupScanFilterer getFilterer();",
	" + protected abstract RowGroupScanFilterer<? extends RowGroupScanFilterer> getFilterer();",
	" protected Multimap<Path, RowGroupMetadata> pruneRowGroupsForFiles(Map<Path, FileMetadata> filteredFileMetadata) {",
	" Multimap<Path, RowGroupMetadata> prunedRowGroups = LinkedListMultimap.create();"
        ]
      }
    },
    {
      "td_type": "Design Debt",
      "td_issue": "Methods should not have too many parameters",
      "commit": {
        "hash": "20293b63c0bb559ae35d57f7cb1ab7fa24e9ee6d",
        "msg": "DRILL-7450: Improve performance for ANALYZE command",
        "file": "MetastoreAnalyzeTableHandler.java",
        "lang": "java",
        "diff": [
	" private DrillRel getSegmentAggRelNode(List<NamedExpression> segmentExpressions, DrillRel convertedRelNode,",
	" boolean createNewAggregations, List<SchemaPath> statisticsColumns, SchemaPath locationField,",
	" - AnalyzeInfoProvider analyzeInfoProvider, int segmentLevel, MetadataHandlerContext handlerContext) {",
	" - SchemaPath lastModifiedTimeField =",
	" + int segmentLevel, MetadataHandlerContext handlerContext) {",
	" + SchemaPath lastModifiedTimeField =",
	" SchemaPath.getSimplePath(config.getContext().getOptions().getString(ExecConstants.IMPLICIT_LAST_MODIFIED_TIME_COLUMN_LABEL));"
        ]
      }
    },
    {
      "td_type": "Design Debt",
      "td_issue": "Methods should not have too many parameters",
      "commit": {
        "hash": "20293b63c0bb559ae35d57f7cb1ab7fa24e9ee6d",
        "msg": "DRILL-7450: Improve performance for ANALYZE command",
        "file": "MetastoreAnalyzeTableHandler.java",
        "lang": "java",
        "diff": [
	" private DrillRel getSegmentAggRelNode(List<NamedExpression> segmentExpressions, DrillRel convertedRelNode,",
	" boolean createNewAggregations, List<SchemaPath> statisticsColumns, SchemaPath locationField,",
	" - AnalyzeInfoProvider analyzeInfoProvider, int segmentLevel, MetadataHandlerContext handlerContext) {",
	" - SchemaPath lastModifiedTimeField =",
	" + int segmentLevel, MetadataHandlerContext handlerContext) {",
	" + SchemaPath lastModifiedTimeField =",
	" SchemaPath.getSimplePath(config.getContext().getOptions().getString(ExecConstants.IMPLICIT_LAST_MODIFIED_TIME_COLUMN_LABEL));"
        ]
      }
    }
  ]
}