{
  "code": "",
  "email": "bohdan.kazydub@gmail.com",
  "name": "Bohdan Kazydub",
  "project": "Apache/Drill",
  "first_commit": "2018",
  "cqs": [
    {
      "td_type": "Defect Debt",
      "td_issue": "Printf-style format strings should be used correctly",
      "commit": {
        "hash": "91962d3dd38119ad04fa6b646a4980fd77e828d8",
        "msg": "DRILL-6793: FragmentExecutor cannot send its final state for the case when RootExec root wasn't initialized",
        "file": "SequenceFileRecordReader.java",
        "lang": "java",
        "diff": [
	" @@ -172,7 +172,7 @@ public String toString() {",
	" position = reader.getPos();",
	" }",
	" } catch (IOException e) {",
	" - logger.trace(\"\"Unable to obtain reader position: \"\" + e.getMessage());",
	" + logger.trace(\"\"Unable to obtain reader position.\"\", e);",
	" }",
	" return \"\"SequenceFileRecordReader[File=\"\" + split.getPath()",
	" + \"\", Position=\"\" + position"
        ]
      }
    }
  ]
}