{
  "code": "",
  "email": "gparai@maprtech.com",
  "name": "Gautam Parai",
  "project": "Apache/Drill",
  "first_commit": "2014",
  "cqs": [
    {
      "td_type": "Defect Debt",
      "td_issue": "Exceptions should be either logged or rethrown but not both",
      "commit": {
        "hash": "e477480e7b9626abc8efd70914d3bfd4321b7258",
        "msg": "DRILL-7076: Fix NPE in StatsMaterializationVisitor",
        "file": "DrillStatsTable.java",
        "lang": "java",
        "diff": [
	" @@ -223,8 +223,11 @@ public void materialize(final DrillTable table, final QueryContext context) thro",
	" materialized = true;",
	" }",
	" } catch (IOException ex) {",
	" - logger.warn(\"\"Failed to read the stats file.\"\", ex);",
	" - throw ex;",
	" + if (ex instanceof FileNotFoundException) {",
	" + logger.debug(String.format(\"\"Did not find statistics file %s\"\", tablePath.toString()), ex);",
	" + } else {",
	" + logger.debug(String.format(\"\"Error trying to read statistics table %s\"\", tablePath.toString()), ex);",
	" + }",
	" }",
	" }"
        ]
      }
    }
  ]
}