{
  "code": "",
  "email": "par0328@yahoo.com",
  "name": "Paul Rogers",
  "project": "Apache/Drill",
  "first_commit": "2019",
  "cqs": [
    {
      "td_type": "Code Debt",
      "td_issue": "Sections of code should not be commented out",
      "commit": {
        "hash": "ad75bbd9a300771e2b1d40f29876c449e9113b7c",
        "msg": "DRILL-7414: EVF incorrectly sets buffer writer index after rollover",
        "file": "BatchValidator.java",
        "lang": "java",
        "diff": [
	" @@ -153,13 +154,13 @@ public BatchValidator(ErrorReporter errorReporter) {",
	" private static Map<Class<? extends RecordBatch>, CheckMode> buildRules() {",
	" - final Map<Class<? extends RecordBatch>, CheckMode> rules = new IdentityHashMap<>();",
	" - //rules.put(OperatorRecordBatch.class, CheckMode.ALL);",
	" + Map<Class<? extends RecordBatch>, CheckMode> rules = new IdentityHashMap<>();",
	" + rules.put(OperatorRecordBatch.class, CheckMode.ALL);",
	" return rules;",
	" }"
        ]
      }
    },
    {
      "td_type": "Design Debt",
      "td_issue": "Cognitive Complexity of methods should not be too high",
      "commit": {
        "hash": "91a9c56cb2998349216eed61fcb85fca5c116561",
        "msg": "DRILL-7506: Simplify code gen error handling",
        "file": "ProjectionMaterializer.java",
        "lang": "java",
        "diff": [
	" @@ -335,11 +325,7 @@ private void setupImplicitColumnRef(NamedExpression namedExpression)",
	" LogicalExpression expr = ExpressionTreeMaterializer.materialize(",
	" originalPath, incomingBatch, collector, functionLookupContext);",
	" - if (collector.hasErrors()) {",
	" - throw new SchemaChangeException(String.format(",
                " - \"\"Failure while trying to materialize incomingBatch schema.  Errors:\n %s.\"\",",
	" - collector.toErrorString()));",
	" - }",
	" +collector.reportErrors(logger);"
        ]
      }
    }
  ]
}