{
  "code": "",
  "email": "cgivre@apache.org",
  "name": "Charles Givre",
  "project": "Apache/Drill",
  "first_commit": "2019",
  "cqs": [
    {
      "td_type": "Code Debt",
      "td_issue": "Unused assignments should be removed",
      "commit": {
        "hash": "e0d1bdd38cd9e08d170d9ed0314bc3a5cca64412",
        "msg": "DRILL-7495: Excel Reader Not Parsing Dates Correctly in First Column",
        "file": "ExcelBatchReader.java",
        "lang": "java",
        "diff": [
	" @@ -481,7 +486,6 @@ public void load(Cell cell) {",
	" }",
	" public void load(Cell cell) {",
	" - CellValue cellValue = evaluator.evaluate(cell);",
	" String fieldValue = String.valueOf(cell.getNumericCellValue());",
	" if (fieldValue == null) {"
        ]
      }
    }
  ]
}