{
  "code": "",
  "email": "mubarak.seyed@gmail.com",
  "name": "Mubarak Seyed",
  "project": "Apache/Flume",
  "first_commit": "2012",
  "cqs": [
    {
      "td_type": "Design Debt",
      "td_issue": "Try-catch blocks should not be nested",
      "commit": {
        "hash": "716b1e2d3e928bde9ddaf75f958bea06f4707824",
        "msg": "FLUME-1482 Flume should support exposing metrics via HTTP in JSON/some other web service format.",
        "file": "GangliaServer.java",
        "lang": "java",
        "diff": [
	" @@ -332,47 +331,24 @@ public void configure(Context context) {",
    	" @Override",
    	" public void run() {",
      	" try {",
        	" - Set<ObjectInstance> queryMBeans = null;",
        	" - try {",
          	" - queryMBeans = mbeanServer.queryMBeans(",
                " - null, null);",
        	" - } catch (Exception ex) {",
          	" - logger.error(\"\"Could not get Mbeans for monitoring\"\", ex);",
          	" - Throwables.propagate(ex);",
        	" - }",
        	" - for (ObjectInstance obj : queryMBeans) {",
          	" - try {",
            	" - if (!obj.getObjectName().toString().startsWith(\"\"org.apache.flume\"\")) {",
              	" - continue;",
            	" - }",
            	" - MBeanAttributeInfo[] attrs = mbeanServer.",
                " - getMBeanInfo(obj.getObjectName()).getAttributes();",
            	" - String strAtts[] = new String[attrs.length];",
            	" - for (int i = 0; i < strAtts.length; i++) {",
             	" -  strAtts[i] = attrs[i].getName();",
            	" - }",
            	" - AttributeList attrList = mbeanServer.getAttributes(",
                " - obj.getObjectName(), strAtts);",
            	" - String component = obj.getObjectName().toString().substring(",
                " - obj.getObjectName().toString().indexOf('=') + 1);",
            	" - for (Object attr : attrList) {",
              	" - Attribute localAttr = (Attribute) attr;",
              	" - if (isGanglia3) {",
                " - server.createGangliaMessage(GANGLIA_CONTEXT + component + \"\".\"\"",
                " - + localAttr.getName(),",
                " - localAttr.getValue().toString());",
              	" - } else {",
                " - server.createGangliaMessage31(GANGLIA_CONTEXT + component + \"\".\"\"", 
                " - + localAttr.getName(),",
                " - localAttr.getValue().toString());",
              	" - }",
              	" - server.sendToGangliaNodes();",
        	" + Map<String, Map<String, String>> metricsMap =",
                " + JMXPollUtil.getAllMBeans();",
        	" + for (String component : metricsMap.keySet()) {",
         	" + Map<String, String> attributeMap = metricsMap.get(component);",
          	" + for (String attribute : attributeMap.keySet()) {",
            	" + if (isGanglia3) {",
              	" + server.createGangliaMessage(GANGLIA_CONTEXT + component + \"\".\"\" ",
                " + + attribute,",
                " + attributeMap.get(attribute));",
            	" + } else {",
              	" + server.createGangliaMessage31(GANGLIA_CONTEXT + component + \"\".\"\" ",
                " + + attribute,",
                " +attributeMap.get(attribute));",
            	"  }",
          	" - } catch (Exception ex) {",
            	" - logger.error(\"\"Error getting mbean attributes\"\", ex);",
            	" + server.sendToGangliaNodes();",
          	" }",
        	" }",
      	" - } catch(Throwable t) {",
      	" + } catch (Throwable t) {",
        	" logger.error(\"\"Unexpected error\"\", t);",
      	" }",
    	" }"
        ]
      }
    }
  ]
}