{
  "code": "",
  "email": "mpercy@cloudera.com",
  "name": "Mike Percy",
  "project": "Apache/Flume",
  "first_commit": "2012",
  "cqs": [
    {
      "td_type": "Defect Debt",
      "td_issue": "Printf-style format strings should be used correctly",
      "commit": {
        "hash": "215d75eb15362f34cd3246107cbea7ace247af10",
        "msg": "FLUME-1940. Log a snapshot of Flume metrics on shutdown.",
        "file": "MonitoredCounterGroup.java",
        "lang": "java",
        "diff": [
        	" - LOG.error(\"\"Failed to register monitored counter group for type: \"\"}",
        	" + logger.error(\"\"Failed to register monitored counter group for type: \"\"}"
        ]
      }
    },
    {
      "td_type": "Code Debt",
      "td_issue": "Preconditions and logging arguments should not require evaluation",
      "commit": {
        "hash": "0e0e6346d77d6d55b29c2a87c35aaa7f4779f73f",
        "msg": "FLUME-1575. FileChannel Encryption should disallow a null key.",
        "file": "FileChannel.java",
        "lang": "java",
        "diff": [
	" @@ -307,7 +310,15 @@ public String toString() {",
	" @Override",
  	" protected BasicTransactionSemantics createTransaction() {",
    	" - Preconditions.checkState(open, \"\"Channel closed \"\" + channelNameDescriptor);",
    	" + if(!open) {",
      	" + String msg = \"\"Channel closed \"\" + channelNameDescriptor;",
      	" + if(startupError != null) {",
        	" + msg += \"\". Due to \"\" + startupError.getClass().getName() + \"\": \"\" +",
            	" + startupError.getMessage();",
        	" + throw new IllegalStateException(msg, startupError);",
      	" + }",
      	" + throw new IllegalStateException(msg);",
   	" + }"
        ]
      }
    },
    {
      "td_type": "Documentation Debt",
      "td_issue": "Deprecated elements should have both the annotation and the Javadoc tag",
      "commit": {
        "hash": "c72a3b1a5a2548f9157fe7913611c4318ce5e64d",
        "msg": "FLUME-1974. Thrift compatibility issue with hbase-0.92.",
        "file": "ThriftFlumeEvent.java",
        "lang": "java",
        "diff": [
	" - @Deprecated"
        ]
      }
    }
  ]
}