{
  "code": "",
  "email": "esammer@apache.org",
  "name": "Eric Sammer",
  "project": "Apache/Flume",
  "first_commit": "2011",
  "cqs": [
    {
      "td_type": "Documentation Debt",
      "td_issue": "Track uses of \"\"FIXME\"\" tags",
      "commit": {
        "hash": "56a6c8a92908d18498a61eccf9fc7cff188f1fab",
        "msg": "- Sources and sinks now hint as to their willingness to take more data by returning a status.",
        "file": "SequenceGeneratorSource.java",
        "lang": "java",
        "diff": [
	" + } finally {",
      	" + transaction.close();",
    	" }",
    	" - /* FIXME: Add finally { transaction.close() } */"
        ]
      }
    },
    {
      "td_type": "Test Debt",
      "td_issue": "Thread.sleep should not be used in tests",
      "commit": {
        "hash": "034d0d69c0fa4ff853c277f54be79c088a3e9683",
        "msg": "- Removed sleep in config provider test.",
        "file": "TestJsonFileConfigurationProvider.java",
        "lang": "java",
        "diff": [
	" @@ -54,8 +54,6 @@ public void testLifecycle() throws InterruptedException {",
    	" provider.setFile(testFile);",
    	" provider.start();",
	" - ",
    	" - Thread.sleep(1000);",
    	" provider.stop();"
        ]
      }
    },
    {
      "td_type": "Code Debt",
      "td_issue": "Sections of code should not be commented out",
      "commit": {
        "hash": "034d0d69c0fa4ff853c277f54be79c088a3e9683",
        "msg": "- Keep track of source / sink / channel names in JsonFlumeConfiguration so we can wire up {source,sink} -> channel dependencies.",
        "file": "JsonFileConfigurationProvider.java",
        "lang": "java",
        "diff": [
      	" - if (source.containsKey(\"\"type\"\")) {",
        	" - Source s = sourceFactory.create((String) source.get(\"\"type\"\"));",
	" - ",
        	" - // s.setChannel(knownChannels.get(source.get(\"\"channel\"\")));",
        	" - conf.getSourceRunners().add(SourceRunner.forSource(s));"
        ]
      }
    }
  ]
}