{
  "code": "",
  "email": "brock@apache.org",
  "name": "Brock Noland",
  "project": "Apache/Flume",
  "first_commit": "2012",
  "cqs": [
    {
      "td_type": "Test Debt",
      "td_issue": "JUnit assertions should not be used in \"run\" methods",
      "commit": {
        "hash": "82aa5fc16dac3751b78f85fbe21b8c805dbffbcc",
        "msg": "FLUME-1496: TestFileChannel is bloated",
        "file": "TestFileChannel.java",
        "lang": "java",
        "diff": [
        	" public void run() {",
          	" - FileChannel channel = createFileChannel();",
          	" - channel.start();",
          	" - Transaction tx = channel.getTransaction();",
          	" - tx.begin();",
          	" - Event e = channel.take();",
          	" - Assert.assertNotNull(e);",
          	" - Assert.assertTrue(set.remove(new String(e.getBody())));",
          	" - e = channel.take();",
          	" - Assert.assertNotNull(e);",
          	" - Assert.assertTrue(set.remove(new String(e.getBody())));",
	" ... "
        ]
      }
    },
    {
      "td_type": "Defect Debt",
      "td_issue": "Printf-style format strings should be used correctly",
      "commit": {
        "hash": "750809c70aa92225ed8df2ded0364d30a220405b",
        "msg": "FLUME-1732: SpoolableDirectorySource should have configurable support for deleting files it has already completed instead of renaming",
        "file": "ReliableSpoolingFileEventReader.java",
        "lang": "java",
        "diff": [
        	" - String currPath = currentFile.get().getFile().getAbsolutePath();",
    	" - String newPath = currPath + completedSuffix;",
    	" - logger.info(\"\"Preparing to move file {} to {}\"\", currPath, newPath);",
    	" + File fileToRoll = new File(currentFile.get().getFile().getAbsolutePath());"
        ]
      }
    }
  ]
}