{
  "code": "",
  "email": "harishreedharan@gmail.com",
  "name": "Hari Shreedharan",
  "project": "Apache/Flume",
  "first_commit": "2012",
  "cqs": [
    {
      "td_type": "Test Debt",
      "td_issue": "Thread.sleep should not be used in tests",
      "commit": {
        "hash": "e1cb6913f358e4de54d69d1f6f21edecf06a9da2",
        "msg": "FLUME-2479. Kafka property auto.commit.enable is incorrect for KafkaSource.",
        "file": "KafkaSourceTest.java",
        "lang": "java",
        "diff": [
	" - Thread.sleep(500L);"
        ]
      }
    },
    {
      "td_type": "Code Debt",
      "td_issue": "Standard outputs should not be used directly to log anything",
      "commit": {
        "hash": "6d9ef1fd6c15748212b75daa628ae3a2a8654e30",
        "msg": "FLUME-1848. HDFSDataStream logger is actually for a sequence file",
        "file": "HDFSCompressedDataStream.java",
        "lang": "java",
        "diff": [
	" @@ -90,7 +90,6 @@ public void open(String filePath, CompressionCodec codec,",
    	" } else {",
      	" fsOut = hdfs.create(dstPath);",
    	" }",
    	" - System.out.println(\"\"fsOut \"\" + fsOut);",
    	" cmpOut = codec.createOutputStream(fsOut);"
        ]
      }
    }
  ]
}