{
  "code": "",
  "email": "jarcec@apache.org",
  "name": "Jarek Jarcec Cecho",
  "project": "Apache/Flume",
  "first_commit": "2012",
  "cqs": [
    {
      "td_type": "Code Debt",
      "td_issue": "\"\"Preconditions\"\" and logging arguments should not require evaluation",
      "commit": {
        "hash": "e8c4a7bffc74f6ea10ae6cc45adbaf4919f45186",
        "msg": "FLUME-2823: Flume-Kafka-Channel with new APIs",
        "file": "KafkaChannel.java",
        "lang": "java",
        "diff": [
	" - LOGGER",
        	" - .info(\"\"Topic was not specified. Using \"\" + topicStr + \"\" as the topic.\"\");",
      	" + logger.info(\"\"Topic was not specified. Using {} as the topic.\"\", topicStr);"
        ]
      }
    },
    {
      "td_type": "Test Debt",
      "td_issue": "Thread.sleep should not be used in tests",
      "commit": {
        "hash": "caa64a1a6d4bc97be5993cb468516e9ffe862794",
        "msg": "FLUME-2891: Revert FLUME-2712 and FLUME-2886",
        "file": "TestChannelProcessor.java",
        "lang": "java",
        "diff": [
	" - Thread.sleep(500);"
        ]
      }
    }
  ]
}