{
  "code": "",
  "email": "arvind@apache.org",
  "name": "Arvind Prabhakar",
  "project": "Apache/Flume",
  "first_commit": "2011",
  "cqs": [
    {
      "td_type": "Defect Debt",
      "td_issue": "Printf-style format strings should be used correctly",
      "commit": {
        "hash": "d561b80bf4486481d74c7fdd907fcd446bdcb3cc",
        "msg": "FLUME-1238. Support active rolling of files created by HDFS Event Sink.",
        "file": "HDFSEventSink.java",
        "lang": "java",
        "diff": [
	"- LOG.info(\"\"Closing \"\" + entry.getKey());",
     	" + LOG.info(\"\"Closing {}\"\", entry.getKey());"
        ]
      }
    },
    {
      "td_type": "Code Debt",
      "td_issue": "\"\"Preconditions\"\" and logging arguments should not require evaluation",
      "commit": {
        "hash": "31a1d81b682b26855ee0aafa947bbd59e61d4d4c",
        "msg": "FLUME-1085. Implement a durable File Channel.",
        "file": "SequenceIDBuffer.java",
        "lang": "java",
        "diff": [
	" public void close() {",
    	" try {",
      	" - Preconditions.checkArgument(backingBuffer.isDirect(),",
          	" - \"\"buffer isn't direct!\"\");",
      	" - Method cleanerMethod = backingBuffer.getClass().getMethod(\"\"cleaner\"\");",
      	" - cleanerMethod.setAccessible(true);",
     	" - Object cleaner = cleanerMethod.invoke(backingBuffer);",
	" - Method cleanMethod = cleaner.getClass().getMethod(\"\"clean\"\");",
      	" - cleanMethod.setAccessible(true);",
      	" - cleanMethod.invoke(cleaner);",
      	" + DirectMemoryUtils.clean(backingBuffer);",
   	" } catch (Exception e) {",
      	" - Throwables.propagate(e);",
      	" + LOG.warn(\"\"Error cleaning up buffer\"\", e);",
      	" + if (LOG.isDebugEnabled()) {",
        	" + Throwables.propagate(e);",
      	" + }",
    	" }",
  	" }"
        ]
      }
    }
  ]
}