{
  "code": "",
  "email": "andrasbeni@cloudera.com",
  "name": "Andras Beni",
  "project": "Apache/Flume",
  "first_commit": "2017",
  "cqs": [
    {
      "td_type": "Code Debt",
      "td_issue": "Java 8 features should be preferred to Guava",
      "commit": {
        "hash": "857df3fe9b211a0e34f17cc6d776a1296951134a",
        "msg": "FLUME-2579 Support durable subscription in JMSSource",
        "file": "JMSMessageConsumerFactory.java",
        "lang": "java",
        "diff": [
	" - import com.google.common.base.Optional;"
        ]
      }
    }
  ]
}