{
  "code": "",
  "email": "edunov@fb.com",
  "name": "Sergey Edunov",
  "project": "Apache/Giraph",
  "first_commit": "2014",
  "cqs": [
    {
      "td_type": "Defect Debt",
      "td_issue": "Generic exceptions should never be thrown",
      "commit": {
        "hash": "6256a761d61a5b27a05878da2449ce8537d60c99",
        "msg": "Integrating out-of-core mechanism with credit-based flow-control and data generation tethering",
        "file": "FixedOutOfCoreEngine.java",
        "lang": "java",
        "diff": [
  	" - if (jobFailed) {",
          	" - throw new RuntimeException(\"\"Job Failed due to a failure in an \"\" +",
              	" - \"\"out-of-core IO thread\"\");",
        	" - }"
        ]
      }
    },
    {
      "td_type": "Code Debt",
      "td_issue": "Synchronized classes Vector, Hashtable, Stack and StringBuffer should not be used",
      "commit": {
        "hash": "6256a761d61a5b27a05878da2449ce8537d60c99",
        "msg": "Integrating out-of-core mechanism with credit-based flow-control and data generation tethering",
        "file": "MetaPartitionManager.java",
        "lang": "java",
        "diff": [
	" - @Override",
    	" - public String toString() {",
      	" - StringBuffer sb = new StringBuffer();",
      	" - sb.append(\"\"\nProcessed Partitions: \"\" + processedPartitions + \"\"; \"\");",
      	" - sb.append(\"\"\nUnprocessedPartitions: \"\" + unprocessedPartitions);",
      	" - return sb.toString();",
    	" - }"
        ]
      }
    }
  ]
}