{
  "code": "",
  "email": "spupyrev@fb.com",
  "name": "spupyrev",
  "project": "Apache/Giraph",
  "first_commit": "2015",
  "cqs": [
    {
      "td_type": "Code Debt",
      "td_issue": "\"\"Preconditions\"\" and logging arguments should not require evaluation",
      "commit": {
        "hash": "16dba64c31c3eb18ac916d49f1529fe4810fe754",
        "msg": "unsafe readers for varints",
        "file": "Varint.java",
        "lang": "java",
        "diff": [
	" @@ -103,10 +101,10 @@ public static void writeUnsignedVarLong(",
    	" long value,",
    	" DataOutput out",
  	" ) throws IOException {",
    	" - Preconditions.checkState(",
      	" - value >= 0,",
      	" - \"\"Negative value passed into writeUnsignedVarLong - \"\" + value",
    	" - );",
    	" + if (value < 0) {",
     	" + throw new IllegalStateException(",
        	" + \"\"Negative value passed into writeUnsignedVarLong - \"\" + value);",
    	" + }",
    	" writeVarLong(value, out);",
  	" }"
        ]
      }
    }
  ]
}