{
  "code": "",
  "email": "majakabiljo@fb.com",
  "name": "Maja Kabiljo",
  "project": "Apache/Giraph",
  "first_commit": "2013",
  "cqs": [
    {
      "td_type": "Design Debt",
      "td_issue": "Cognitive Complexity of methods should not be too high",
      "commit": {
        "hash": "8811165e85ae2db442e34f1021db29f4dfcc8430",
        "msg": "GIRAPH-667: Decouple Vertex data and Computation, make Computation and Combiner classes switchable (majakabiljo)",
        "file": "NettyWorkerServer.java",
        "lang": "java",
        "diff": [
	" if (!useOutOfCoreMessaging) {",
      	" - if (conf.useCombiner()) {",
        	" - if (LOG.isInfoEnabled()) {",
          	" - LOG.info(\"\"createMessageStoreFactory: \"\" +",
              	" - \"\"Using OneMessagePerVertexStore since combiner enabled\"\");",
        	" - }",
        	" - return OneMessagePerVertexStore.newFactory(service, conf);",
      	" - } else {",
        	" - if (LOG.isInfoEnabled()) {",
          	" - LOG.info(\"\"createMessageStoreFactory: \"\" +",
              	" - \"\"Using ByteArrayMessagesPerVertexStore \"\" +",
              	" - \"\"since there is no combiner\"\");",
        	" - }",
        	" - return ByteArrayMessagesPerVertexStore.newFactory(service, conf);",
      	" - }",
      	" + return new InMemoryMessageStoreFactory<I, Writable>(service, conf);"
        ]
      }
    },
    {
      "td_type": "Defect Debt",
      "td_issue": "Methods should not be empty",
      "commit": {
        "hash": "d3a3745435c0157f6dc4ea5f49b3300d2829dacd",
        "msg": "[Bug 4726010] - Add full single source shortest path example for documentation.",
        "file": "SimpleShortestPathsVertex.java ",
        "lang": "java",
        "diff": [
	" - @Override",
    	" - public void preApplication()",
            	" - throws InstantiationException, IllegalAccessException {",
    	" - }",
	" - @Override",
    	" - public void postApplication() {",
    	" - }",
    	" - @Override",
    	" - public void preSuperstep() {",
    	" - }"
        ]
      }
    }
  ]
}