{
  "code": "",
  "email": "heslami@apache.org",
  "name": "Hassan Eslami",
  "project": "Apache/Giraph",
  "first_commit": "2016",
  "cqs": [
    {
      "td_type": "Code Debt",
      "td_issue": "java.nio.Files#delete should be preferred",
      "commit": {
        "hash": "6f5a457fa93ac8b53cc77afd0eb8729f1e5665af",
        "msg": "[GIRAPH-1023] Adding out-of-core messages to previously implemented adaptive out-of-core mechanism",
        "file": "DiskBackedPartitionStore.java",
        "lang": "java",
        "diff": [
	" @@ -1284,14 +1615,11 @@ private void readOutEdges(DataInput in, Partition<I, V, E> partition)",
      	" partition.putVertex(vertex);",
    	" }",
    	" inputStream.close();",
    	" - if (!file.delete()) {",
      	" - String msg = \"\"loadPartition: failed to delete \"\" + file.getAbsolutePath();",
      	" - LOG.error(msg);",
      	" - throw new IllegalStateException(msg);",
    	" - }",
    	" + checkState(file.delete(), \"\"loadPartition: failed to delete %s\"\",",
        	" + file.getAbsolutePath());"
        ]
      }
    }
  ]
}