{
  "code": "",
  "email": "ereisman@apache.org",
  "name": "Eli Reisman",
  "project": "Apache/Giraph",
  "first_commit": "2012",
  "cqs": [
    {
      "td_type": "Defect Debt",
      "td_issue": "Generic exceptions should never be thrown",
      "commit": {
        "hash": "3a20c5597c4f7ca67421eb39fd426cc8b0cbef2d",
        "msg": "GIRAPH-737: Giraph Application Master: Move to new and stable YARN API",
        "file": "GiraphApplicationMaster.java",
        "lang": "java",
        "diff": [
	" - private void checkForRebootFlag(AMResponse amResponse) {",
    	" - if (amResponse.getReboot()) {",
      	" - LOG.error(\"\"AMResponse: \"\" + amResponse + \"\" raised YARN REBOOT FLAG!\"\");",
      	" - throw new RuntimeException(\"\"AMResponse \"\" + amResponse +\"\"){",
        	" - \"\" signaled GiraphApplicationMaster with REBOOT FLAG. Failing job.\"\");",
    	" - }",
  	" - }"
        ]
      }
    }
  ]
}