{
  "code": "",
  "email": "ikabiljo@fb.com",
  "name": "Igor Kabiljo",
  "project": "Apache/Giraph",
  "first_commit": "2014",
  "cqs": [
    {
      "td_type": "Design Debt",
      "td_issue": "String literals should not be duplicated",
      "commit": {
        "hash": "77ae12e00e6e0b4955949bc71e9b275bd6d70538",
        "msg": "[GIRAPH-1041] Generate primitive type specific code",
        "file": "BasicArrayList.java",
        "lang": "java",
        "diff": [
	" - @Override",
    	" - public void fill(int from, int to, BooleanWritable value) {",
      	" - if (to > list.size()) {",
        	" - throw new ArrayIndexOutOfBoundsException(",
            	" - \"\"End index (\"\" + to + \"\") is greater than array length (\"\" +",
                " - list.size() + \"\")\"\");",
    	" - @Override",
   	" - public void fill(int from, int to, ByteWritable value) {",
     	" - if (to > list.size()) {",
        	" - throw new ArrayIndexOutOfBoundsException(",
            	" - \"\"End index (\"\" + to + \"\") is greater than array length (\"\" +",
                " - list.size() + \"\")\"\");"
        ]
      }
    },
    {
      "td_type": "Defect Debt",
      "td_issue": "Generic exceptions should never be thrown",
      "commit": {
        "hash": "17355f55811be1b1392c3ca066fb9adf803846d3",
        "msg": "[GIRAPH-1013] Add BlockExecutionTest",
        "file": "LocalBlockRunner.java",
        "lang": "java",
        "diff": [
	" - GiraphConfiguration conf) throws Exception {",
    	" - int numWorkers = NUM_WORKERS.get(conf);",
      	" + GiraphConfiguration conf) {",
    	" + BlockFactory<?> factory = BlockUtils.createBlockFactory(conf);",
    	" + runBlockWithVertexOutput(",
        	" + factory.createBlock(conf), factory.createExecutionStage(conf),",
        	" + graph, vertexSaver, conf);"
        ]
      }
    },
    {
      "td_type": "Code Debt",
      "td_issue": "Sections of code should not be commented out",
      "commit": {
        "hash": "ca36f1d499a70b1aee85ac637de53f153a9f4c92",
        "msg": "Use Partitions in LocalBlockRunner",
        "file": "SyntheticGraphInit.java",
        "lang": "java",
        "diff": [
	" @@ -84,11 +83,5 @@ public void modifyGraph(NumericTestGraph<I, V, E> graph) {",
            	" i, j, edgeSupplier != null ? edgeSupplier.get() : null);",
      	" }",
    	" }",
	" - // if (vertexModifier != null) {",
	" - //     for (int i = 0; i < numVertices; i++) {",
	" - //        vertexModifier.modifyVertexValue(i, graph.getVertex(i).getValue());",
	" - //      }",
	" - //  }",
  	" }"
        ]
      }
    }
  ]
}