{
  "code": "",
  "email": "aching@fb.com",
  "name": "Avery Ching",
  "project": "Apache/Giraph",
  "first_commit": "2010",
  "cqs": [
    {
      "td_type": "Defect Debt",
      "td_issue": "Generic exceptions should never be thrown",
      "commit": {
        "hash": "828c61581c9f63529664ae4648948d786e52c79a",
        "msg": "[Bug 4671181] Implicitly determine and check type arguments, fix page rank bug.",
        "file": "BspServiceWorker.java",
        "lang": "java",
        "diff": [
                " - vertexReader.close();",
            	" - } catch (Exception e) {",
                " - throw new RuntimeException(e);",
                " + vertexList.add(readerVertex);",
                " + readerVertex =",
                " + BspUtils.<I, V, E, M>createVertex(getConfiguration());",
                " + getContext().progress();",
            	" + }",
            	" + vertexReader.close();",
            	" + if (LOG.isInfoEnabled()) {",
                " + LOG.info(\"\"loadVertices: Got \"\" + vertexList.size() +",
                " + \"\" vertices from input split \"\" + inputSplit);"
        ]
      }
    },
    {
      "td_type": "Design Debt",
      "td_issue": "Cognitive Complexity of methods should not be too high",
      "commit": {
        "hash": "ac93c3b6c5bce5f22b293b29df91663ca7d7ce63",
        "msg": "GIRAPH-798: Upgrade Giraph to Java7 and fix all dependencies",
        "file": "BspServiceWorker.java",
        "lang": "java",
        "diff": [
	" - } catch (KeeperException e) {",
      	" - throw new RuntimeException(e);",
    	" - } catch (InterruptedException e) {",
      	" - throw new RuntimeException(e);",
    	" + } catch (KeeperException | InterruptedException e) {",
      	" + throw new RuntimeException(",
          	" + \"\"exchangeVertexPartitions: Got runtime exception\"\", e);",
    	" }"
        ]
      }
    },
    {
      "td_type": "Code Debt",
      "td_issue": "Standard outputs should not be used directly to log anything",
      "commit": {
        "hash": "33572a5e2325c8b15b2ed133dca337abb7c2e94c",
        "msg": "GIRAPH-40: Added checkstyle for enforcement of code conventions. All Giraph source files now pass checkstyle.",
        "file": "SimpleMsgVertex.java",
        "lang": "java",
        "diff": [
	" - System.out.println(\"\"TestMsgVertex: Received a sum of \"\" + sum +",
            	" - \"\" (will stop on 306)\"\");",
    	" + LOG.info(\"\"TestMsgVertex: Received a sum of \"\" + sum +",
          	" + \"\" (will stop on 306)\"\");"
        ]
      }
    }
  ]
}