{
  "code": "",
  "email": "kminder@apache.org",
  "name": "Kevin Minder",
  "project": "Apache/Knox",
  "first_commit": "2012",
  "cqs": [
    {
      "td_type": "Code Debt",
      "td_issue": "Sections of code should not be commented out",
      "commit": {
        "hash": "f1c242025e67b02917ab7a781875cf557622bf7c",
        "msg": "Completed code coverage for urltemplate package.",
        "file": "Matcher.java ",
        "lang": "java",
        "diff": [
	" - // Attempt to create the correct size list.",
      	" Params matchParams = new Params();",
	" - // ArrayList<MatchSegment> matchPath = new ArrayList<MatchSegment>(",
	" - // bestPath.depth + ( ( bestQuery != null ) ? bestQuery.template.getQuery().size() : 0 ) );",
	" - // Add the matching query segments to the end of the list."
        ]
      }
    },
    {
      "td_type": "Design Debt",
      "td_issue": "Cognitive Complexity of methods should not be too high",
      "commit": {
        "hash": "d1d36daa13d0c24895a498cc6e3aa0821ae5944a",
        "msg": "WebHdfs PUTs working. URL template stuff complete for now.",
        "file": "Expander.java",
        "lang": "java",
        "diff": [
	" private static void expandExplicitQuery( Template template, Set<String> names, Params params, StringBuilder builder, AtomicInteger index ) {",
    	" Collection<Query> query = template.getQuery().values();",
	" - if( query.isEmpty() ) {",
	" - if( template.hasQuery() ) {",
	" - builder.append( \"\"?\"\" );",
	" - }",
	" - } else {",
	" -  boolean first = true;",
	" + if( !query.isEmpty() ) {",
      	" Iterator<Query> iterator = query.iterator();",
     	" while( iterator.hasNext() ) {",
	" - if( first ) {",
	" + int i = index.incrementAndGet();",
	" + if( i == 1 ) {",
     	" builder.append( \"\"?\"\" );",
	" - first = false;",
        	" } else {",
          	" builder.append( \"\"&\"\" );",
        	" }"
        ]
      }
    },
    {
      "td_type": "Test Debt",
      "td_issue": "Tests should include assertions",
      "commit": {
        "hash": "7c91f04411adc6046edb8c41c3c1bfe8a60f5d78",
        "msg": "KNOX-77: Add support for selecting rewrite rules by path.",
        "file": "UrlRewriteRulesDescriptorFactoryTest.java",
        "lang": "java",
        "diff": [
	" public void testLoadSimpleFile() throws IOException {",
    	" UrlRewriteRulesDescriptor config =",
       	" UrlRewriteRulesDescriptorFactory.load( \"\"xml\"\", getTestResourceReader( \"\"simple.xml\"\", \"\"UTF-8\"\" ) );",
	" + assertThat( \"\"Failed to load simple config file.\"\", config, notNullValue() );",
	" + }",
	" ",	
	" + @Test",
	" + public void testLoadSimpleFilterFile() throws IOException {",
	" + UrlRewriteRulesDescriptor config =",
	" + UrlRewriteRulesDescriptorFactory.load( \"\"xml\"\", getTestResourceReader( \"\"filter-simple.xml\"\", \"\"UTF-8\"\" ) );",
	" + List<UrlRewriteFilterDescriptor> filters = config.getFilters();",
	" + assertThat( filters.size(), is( 1 ) );",
	" + UrlRewriteFilterDescriptor filter = config.getFilter( \"\"test-filter-1\"\" );",
	" + assertThat( filter, notNullValue() );",
	" + assertThat( config.getFilters().get(0), sameInstance( filter ) );"
        ]
      }
    }
  ]
}