{
  "code": "",
  "email": "sumit@apache.org",
  "name": "Sumit Gupta",
  "project": "Apache/Knox",
  "first_commit": "2014",
  "cqs": [
    {
      "td_type": "Code Debt",
      "td_issue": "Sections of code should not be commented out",
      "commit": {
        "hash": "26361b6e7ad5021746b4f6cfda081ca69b274f4d",
        "msg": "KNOX-600 setting all service params as filter params for dispatch",
        "file": "ServiceDefinitionDeploymentContributor.java",
        "lang": "java",
        "diff": [
	" - //TODO: [sumit] make sure we pass all service params to the filter",
	" - // FilterParamDescriptor filterParam = filter.param().name(REPLAY_BUFFER_SIZE_PARAM).value(DEFAULT_REPLAY_BUFFER_SIZE);",
	" - // for ( Map.Entry<String, String> serviceParam : service.getParams().entrySet() ) {",
	" - // if ( REPLAY_BUFFER_SIZE_PARAM.equals(serviceParam.getKey()) ) {",
	" - // filterParam.value(serviceParam.getValue());",
	" - // }",
	" - // }",
	" + for ( Map.Entry<String, String> serviceParam : service.getParams().entrySet() ) {",
	" + filter.param().name(serviceParam.getKey()).value(serviceParam.getValue());",
	" + }"
        ]
      }
    },
    {
      "td_type": "Defect Debt",
      "td_issue": "Methods should not be empty",
      "commit": {
        "hash": "016a47dc6b08192a4d762ad305313519dc2f31a5",
        "msg": "KNOX-526 Added new dispatch classes for backward compatibility",
        "file": "HttpClientDispatch.java",
        "lang": "java",
        "diff": [
	" @@ -17,302 +17,19 @@",
   	" @Override",
	" -  public void destroy() {",
	" -",
	" - }"
        ]
      }
    },
    {
      "td_type": "Defect Debt",
      "td_issue": "Class names should not shadow interfaces or superclasses",
      "commit": {
        "hash": "7815945dcc1e4a5b81d237fe9c98fa4a1af0e5c3",
        "msg": "KNOX-998 - Adding Adapters for some common configurations and UnitTests for them",
        "file": "KnoxLdapRealm.java",
        "lang": "java",
        "diff": [
 	" public class DefaultDispatch extends AbstractGatewayDispatch {",
	" - // private static final String CT_APP_WWW_FORM_URL_ENCODED = \"\"application/x-www-form-urlencoded\"\";",
	" - // private static final String CT_APP_XML = \"\"application/xml\"\";",
	" - protected static final String Q_DELEGATION_EQ = \"\"?delegation=\"\";",
	" - protected static final String AMP_DELEGATION_EQ = \"\"&delegation=\"\";",
	" - protected static final String COOKIE = \"\"Cookie\"\";",
   	" protected static final String SET_COOKIE = \"\"Set-Cookie\"\";"
        ]
      }
    }
  ]
}