{
  "code": "",
  "email": "smolnar@apache.org",
  "name": "Sandor Molnar",
  "project": "Apache/Knox",
  "first_commit": "2019",
  "cqs": [
    {
      "td_type": "Code Debt",
      "td_issue": "Standard outputs should not be used directly to log anything",
      "commit": {
        "hash": "5c2c7a727d8e88e47ce1d14cb803c9a9f4473c29",
        "msg": "KNOX-2022 - KnoxShellTable contains Comparables instead of Strings",
        "file": "JDBCKnoxShellTableBuilder.java",
        "lang": "java",
        "diff": [
	" @@ -53,13 +54,13 @@ public class JDBCKnoxShellTableBuilder extends KnoxShellTableBuilder {",
     	" try {",
       	" Class.forName(driver).newInstance();",
     	" } catch (ClassNotFoundException e) {",
	" - System.out.println(String.format(\"\"Unable to load the JDBC driver %s. Check your CLASSPATH.\"\", driver));",
	" +System.out.println(String.format(Locale.US, \"\"Unable to load the JDBC driver %s. Check your CLASSPATH.\"\", driver));",
       	" throw e;",
     	" } catch (InstantiationException e) {",
	" - System.out.println(String.format(\"\"Unable to instantiate the JDBC driver %s\"\", driver));",
	" + System.out.println(String.format(Locale.US, \"\"Unable to instantiate the JDBC driver %s\"\", driver));"
        ]
      }
    },
    {
      "td_type": "Defect Debt",
      "td_issue": "Boolean expressions should not be gratuitous",
      "commit": {
        "hash": "45043b488624c85cc16b518d674b7513323a29a1",
        "msg": "KNOX-2057 - Unique ID is set when creating a new instance of KnoxShellTable instead of setting it in the builder/filter (#165)",
        "file": "JDBCKnoxShellTableBuilder.java",
        "lang": "java",
        "diff": [
   	" public KnoxShellTable sql(String sql) throws IOException, SQLException {",
	" - KnoxShellTable table = null;",
    	" conn = conn == null ? DriverManager.getConnection(connectionUrl) : conn;",
     	" if (conn != null) {",
      	" try (Statement statement = conn.createStatement(); ResultSet resultSet = statement.executeQuery(sql);) {",
	" - table = new KnoxShellTable();",
	" - processResultSet(table, resultSet);",
	" + processResultSet(resultSet);",
      	" } finally {",
         	" if (conn != null && tableManagedConnection) {",
          	" conn.close();",
         	" }",
      	" }"
        ]
      }
    },
    {
      "td_type": "Design Debt",
      "td_issue": "String literals should not be duplicated",
      "commit": {
        "hash": "926adc68691d751ad89261313ea54a5007d95787",
        "msg": "KNOX-2269 - The Knox Home page is available as a regular app via the homepage topology (#281)",
        "file": "GatewayServer.java",
        "lang": "java",
        "diff": [
	" - private synchronized void activateHomeApp() {",
	" - try {",
	" - // UI",
	" - activateHomepageContext(\"\"/\"\", \"\"homepage/%2Fhome\"\");",
	" -",
	" - // API",
	" - activateHomepageContext(\"\"/homepage\"\", \"\"homepage/%2F\"\");",
	" - } catch (Throwable e) {",
	" - auditor.audit(Action.DEPLOY, \"\"home\"\", ResourceType.URI, ActionOutcome.FAILURE);",
	" - log.failedToDeployTopology(\"\"home\"\", e);",
	" - }",
	" - }"
        ]
      }
    }
  ]
}