{
  "code": "",
  "email": "krisden@apache.org",
  "name": "Kevin Risden",
  "project": "Apache/Knox",
  "first_commit": "2013",
  "cqs": [
    {
      "td_type": "Documentation Debt",
      "td_issue": "Deprecated elements should have both the annotation and the Javadoc tag",
      "commit": {
        "hash": "acfbc344bda8aa5b880c98d739b8217ec33ac1ef",
        "msg": "KNOX-2129 - Improve deprecated javadoc (#197)",
        "file": "DefaultDispatch.java",
        "lang": "java",
        "diff": [
	" + /**",
	" + * An adapter class that delegate calls to {@link org.apache.knox.gateway.dispatch.DefaultDispatch}",
	" + * for backwards compatibility with package structure.",
	" + *",
	" + * @since 0.14.0",
	" + * @deprecated Use {@link org.apache.knox.gateway.dispatch.DefaultDispatch}",
	" + */",
	" @Deprecated",
	" public class DefaultDispatch extends org.apache.knox.gateway.dispatch.DefaultDispatch {"
        ]
      }
    },
    {
      "td_type": "Code Debt",
      "td_issue": "Unused \"\"private\"\" fields should be removed",
      "commit": {
        "hash": "be7f4f37ea0d716a6767ce41ef9f31fdf9912ff7",
        "msg": "KNOX-1666 - Enable PMD best practices ruleset",
        "file": "AbstractIdentityAssertionFilter.java",
        "lang": "java",
        "diff": [
	" private static final GatewaySpiMessages LOG = MessagesFactory.get( GatewaySpiMessages.class );",
	" - private static final GatewaySpiResources RES = ResourcesFactory.get( GatewaySpiResources.class );",
	" - private static AuditService auditService = AuditServiceFactory.getAuditService();",
	" - private static Auditor auditor = auditService.getAuditor(",
	" - AuditConstants.DEFAULT_AUDITOR_NAME, AuditConstants.KNOX_SERVICE_NAME,",
	" - AuditConstants.KNOX_COMPONENT_NAME );",
	" protected PrincipalMapper mapper = new SimplePrincipalMapper();"
        ]
      }
    },
    {
      "td_type": "Defect Debt",
      "td_issue": "Generic exceptions should never be throw",
      "commit": {
        "hash": "1d19a804ebc7b50c948ce97fa2106b46b2c2aff5",
        "msg": "Cleanup SonarQube warnings from recent commits. * Remove unnecessary initializers. * Fix order of variables/methods to match Java style",
        "file": "SimpleDirectoryService.java",
        "lang": "java",
        "diff": [
	" public class SimpleDirectoryService extends DefaultDirectoryService {",
	" ",
	" -  public SimpleDirectoryService() throws Exception {",
	" + public SimpleDirectoryService() throws LdapException {",
   	" super();",
  	" }"
        ]
      }
    }
  ]
}