{
  "code": "",
  "email": "rlevas@apache.org",
  "name": "Robert Levas",
  "project": "Apache/Knox",
  "first_commit": "2019",
  "cqs": [
    {
      "td_type": "Design Debt",
      "td_issue": "String literals should not be duplicated",
      "commit": {
        "hash": "26361b6e7ad5021746b4f6cfda081ca69b274f4d",
        "msg": "KNOX-1820 - Cleanup KeystoreService implementations and add unit tests (#72)",
        "file": "DefaultKeystoreService.java",
        "lang": "java",
        "diff": [
	" + private static final String CREDENTIALS_STORE_TYPE = \"\"JCEKS\"\";",
  	" @Override",
  	" public void createCredentialStoreForCluster(String clusterName) throws KeystoreServiceException {",
	" - String filename = Paths.get(keyStoreDir, clusterName + CREDENTIALS_SUFFIX).toString();",
	" + Path keystoreFilePath = keyStoreDirPath.resolve(clusterName + CREDENTIALS_SUFFIX);",
     	" writeLock.lock();",
     	" try {",
	" - createKeystore(filename, \"\"JCEKS\"\", masterService.getMasterSecret());",
	" + createKeyStore(keystoreFilePath, CREDENTIALS_STORE_TYPE, masterService.getMasterSecret());",
     	" }",
     	" finally {",
       	" writeLock.unlock();",
   	" @Override",
   	" public boolean isCredentialStoreForClusterAvailable(String clusterName) throws KeystoreServiceException {",
    	" boolean rc;",
	" - final File  keyStoreFile = new File( keyStoreDir, clusterName + CREDENTIALS_SUFFIX  );",
	" + final Path keyStoreFilePath = keyStoreDirPath.resolve(clusterName + CREDENTIALS_SUFFIX);",
    	" readLock.lock();",
    	" try {",
      	" try {",
	" - rc = isKeystoreAvailable(keyStoreFile, \"\"JCEKS\"\", masterService.getMasterSecret());",
	" + rc = isKeyStoreAvailable(keyStoreFilePath, CREDENTIALS_STORE_TYPE, masterService.getMasterSecret());",
       	" } catch (KeyStoreException | IOException e) {",
        	" throw new KeystoreServiceException(e);",
       	" }"
        ]
      }
    }
  ]
}