{
  "code": "",
  "email": "moresandeep@gmail.com",
  "name": "Sandeep Moré",
  "project": "Apache/Knox",
  "first_commit": "2017",
  "cqs": [
    {
      "td_type": "Design Debt",
      "td_issue": "String literals should not be duplicated",
      "commit": {
        "hash": "8affbc0226fb2e587bdadaac9270b071d52b8062",
        "msg": "KNOX-2214 - Periodic job to evict expired tokens (#257)",
        "file": "AliasBasedTokenStateService.java",
        "lang": "java",
        "diff": [
	" private AliasService aliasService;",
	" + private static final String TOKEN_MAX_LIFETIME_POSTFIX = \"\"--max\"\";",
	" ",
 	" public void setAliasService(AliasService aliasService) {",
   	" this.aliasService = aliasService;",
	" @@ -61,7 +65,7 @@ public void addToken(final String token,",
 	" protected void setMaxLifetime(final String token, long issueTime, long maxLifetimeDuration) {",
   	" try {",
     	" aliasService.addAliasForCluster(AliasService.NO_CLUSTER_NAME,",
	" - token + \"\"--max\"\",",
	" + token + TOKEN_MAX_LIFETIME_POSTFIX,",
                " String.valueOf(issueTime + maxLifetimeDuration));",
    	" } catch (AliasServiceException e) {",
      	" log.failedToSaveTokenState(getTokenDisplayText(token), e);",
	" @@ -73,7 +77,7 @@ protected long getMaxLifetime(final String token) {",
   	" long result = 0;",
   	" try {",
     	" char[] maxLifetimeStr =",
	" - aliasService.getPasswordFromAliasForCluster(AliasService.NO_CLUSTER_NAME, token + \"\"--max\"\");",
	" + aliasService.getPasswordFromAliasForCluster(AliasService.NO_CLUSTER_NAME, token + TOKEN_MAX_LIFETIME_POSTFIX);",
      	" if (maxLifetimeStr != null) {",
       	" result = Long.parseLong(new String(maxLifetimeStr));",
      	" }",
	" @@ -125,7 +129,7 @@ protected void removeToken(final String token) {",
	" ",
    	" try {",
     	" aliasService.removeAliasForCluster(AliasService.NO_CLUSTER_NAME, token);",
	" - aliasService.removeAliasForCluster(AliasService.NO_CLUSTER_NAME,token + \"\"--max\"\");",
	" + aliasService.removeAliasForCluster(AliasService.NO_CLUSTER_NAME,token + TOKEN_MAX_LIFETIME_POSTFIX);",
      	" log.removedTokenState(getTokenDisplayText(token));"
        ]
      }
    },
    {
      "td_type": "Code Debt",
      "td_issue": "Sections of code should not be commented out",
      "commit": {
        "hash": "55adc6a9cd59525f41159c5499ab214749887be9",
        "msg": "KNOX-1694 - Prevent port mapped topologies from being exposed to gateway port (#126)",
        "file": "PortMappingHelperHandler.java",
        "lang": "java",
        "diff": [
	" - // Match \"\"/{gatewayName}/{topologyName/foo\"\" or \"\"/\"\".",
	" - // There could be a case where content is served from the root",
	" - // i.e. https://host:port/",
	" + // if the request does not contain /{gatewayName}/{topologyName}",
	" + if(!baseRequest.getRequestURI().contains(gatewayTopologyContext)) {",
	" + newRequest = new RequestUpdateHandler.ForwardedRequest(",
	" + request, gatewayTopologyContext, newTarget);"
        ]
      }
    },
    {
      "td_type": "Defect Debt",
      "td_issue": "Class names should not shadow interfaces or superclasses",
      "commit": {
        "hash": "7815945dcc1e4a5b81d237fe9c98fa4a1af0e5c3",
        "msg": "KNOX-998 - Adding Adapters for some common configurations and UnitTests for them",
        "file": "KnoxLdapRealm.java",
        "lang": "java",
        "diff": [
	" - public class KnoxLdapRealm extends org.apache.knox.gateway.shirorealm.KnoxLdapRealm {",
	" + public class KnoxLdapRealm",
	" + extends org.apache.knox.gateway.shirorealm.KnoxLdapRealm {"
        ]
      }
    }
  ]
}