{
  "code": "",
  "email": "lmccay@apache.org",
  "name": "Larry McCay",
  "project": "Apache/Knox",
  "first_commit": "2012",
  "cqs": [
    {
      "td_type": "Code Debt",
      "td_issue": "Sections of code should not be commented out",
      "commit": {
        "hash": "01da3efdf8947616a9d23a572dd80927915f0cc4",
        "msg": "added tests for simple principal mapping and moved to gateway-spi module",
        "file": "IdentityAssertionFilter.java",
        "lang": "java",
        "diff": [
	" -  private void loadMappingTable(String principalMapping) {",
	" - // System.out.println(\"\"+++++++++++++ Loading the Mapping Table\"\");",	
	" - if (principalMapping != null) {",
	" - StringTokenizer t = new StringTokenizer(principalMapping, \"\";\"\");",
	" - do {",
	" - String mapping = t.nextToken();",
	" - // System.out.println(\"\"+++++++++++++ Mapping: \"\" + mapping);",
	" - String principals = mapping.substring(0, mapping.indexOf('='));",
	" - // System.out.println(\"\"+++++++++++++ Principals: \"\" + principals);",
	" - String value = mapping.substring(mapping.indexOf('=')+1);",
	" - String[] p = principals.split(\"\",\"\");",
	" - for(int i = 0; i < p.length; i++) {",
	" - table.put(p[i], value);",
	" - // System.out.println(\"\"+++++++++++++ Mapping into Table: \"\" + p[i] + \"\"->\"\" + value);",
	" - }",
	" - } while(t.hasMoreTokens());"
        ]
      }
    },
    {
      "td_type": "Design Debt",
      "td_issue": "Source files should not have any duplicated blocks",
      "commit": {
        "hash": "b5bf07d7d8ebee2861054a516d21c32912cd7f82",
        "msg": "checkpoint",
        "file": "Hadoop.java",
        "lang": "java",
        "diff": [
	" -  public static Hadoop login(String url, Map<String, String> headers) throws URISyntaxException {",
	" - return new Hadoop( url, headers, true );",
	" - }",
	" ",
	" - private Hadoop( String url, Map<String, String> headers ) throws HadoopException, URISyntaxException {",
	" - this(url, null, null, false);",
	" - this.headers = headers;",
	" -  }",
	" ",
	" - private Hadoop( String url, String username, String password ) throws HadoopException, URISyntaxException {",
	" - this(url, username, password, false);",
	" - }",
	" ",	
	" - private Hadoop( String url, String username, String password, boolean secure ) throws HadoopException, URISyntaxException {"
        ]
      }
    },
    {
      "td_type": "Defect Debt",
      "td_issue": "Methods should not be empty",
      "commit": {
        "hash": "54281ba585b67c8cd387c0076bc9d86184fd8351",
        "msg": "checkpoint",
        "file": "KnoxSh.java",
        "lang": "java",
        "diff": [
    	" @Override",
    	" public void execute() throws Exception {",
	" + String tokenfile = readFile(",
	" + System.getProperty(\"\"user.home\"\") +",
	" + File.separator + \"\".knoxtokencache\"\");",
	" ",
	" + if (tokenfile != null) {",
	" + Map<String, String> json = JsonUtils.getMapFromJsonString(tokenfile);",
	" + displayTokenDetails(json);",
	" + }",
	" }"
        ]
      }
    }
  ]
}