{
  "code": "",
  "email": "darumugam@hortonworks.com",
  "name": "Dilli Dorai Arumugam",
  "project": "Apache/Knox",
  "first_commit": "2013",
  "cqs": [
    {
      "td_type": "Code Debt",
      "td_issue": "Constructors should not be used to instantiate \"\"String\"\", \"\"BigInteger\"\", \"\"BigDecimal\"\" and primitive-wrapper classes",
      "commit": {
        "hash": "c58ee3b039abecb5dc05d4ca83822c87bffe4cb0",
        "msg": "KNOX-254: use system password set using knoxcli in KnoxLdapContextFactory",
        "file": "KnoxLdapContextFactory.java",
        "lang": "java",
        "diff": [
	" String clusterName = getClusterName();",
	" - String systemPassword = System.getProperty(clusterName + \"\".\"\" + aliasName);",
	" - if (systemPassword != null) {",
	" - super.setSystemPassword( systemPassword );",
	"- aliasService.addAliasForCluster(clusterName, aliasName, systemPassword);",
	" + char[] password = aliasService.getPasswordFromAliasForCluster(clusterName, systemPass);",
	" + if ( password != null ) {",
	" + super.setSystemPassword( new String(password) );",
	" } else {",
	" - char[] password = aliasService.getPasswordFromAliasForCluster(clusterName, systemPass);",
	" - if ( password != null ) {",
	" - super.setSystemPassword( new String(password) );",
	" - } else {",
	" - super.setSystemPassword( new String(systemPass) );",
	" - }",
	" + LOG.aliasValueNotFound(clusterName, aliasName);",
	" }"
        ]
      }
    },
    {
      "td_type": "Test Debt",
      "td_issue": "Thread.sleep should not be used in tests",
      "commit": {
        "hash": "bf3dcd7c996f9292c04932656664549bf90c54f6",
        "msg": "KNOX-260: gateway-test ldap group tests need to use KnoxCLI/AliasService class to update security stores",
        "file": "GatewayLdapGroupFuncTest.java",
        "lang": "java",
        "diff": [
    	" - Thread.sleep(3000);"
        ]
      }
    }
  ]
}