{
  "code": "",
  "email": "pzampino@apache.org",
  "name": "Phil Zampino",
  "project": "Apache/Knox",
  "first_commit": "2017",
  "cqs": [
    {
      "td_type": "Code Debt",
      "td_issue": "Assertion arguments should be passed in the correct order",
      "commit": {
        "hash": "10b1ed02e64561325110ad2ec14fcf9c4532748f",
        "msg": "KNOX-1188: Maintain provider parameter order in generated topologies",
        "file": "ProviderConfigurationParserTest.java",
        "lang": "java",
        "diff": [
	" - assertEquals(\"\"static\"\", provider.getName());"
        ]
      }
    },
    {
      "td_type": "Design Debt",
      "td_issue": "Cognitive Complexity of methods should not be too high",
      "commit": {
        "hash": "ec915ded83af86ad96d005c957b03b8807cd197e",
        "msg": "KNOX-1193 - Added discovery support for LIVYSERVER, SPARKHISTORYUI, JOBHISTORYUI, YARNUI, FALCON, OOZIEUI, HBASEUI, HDFSUI, DRUID-COORDINATOR-UI and DRUID-OVERLORD-UI",
        "file": "WebHdfsUrlCreator.java",
        "lang": "java",
        "diff": [
	" - if (SERVICE.equals(service)) {",
	" - AmbariCluster.ServiceConfiguration sc = cluster.getServiceConfiguration(\"\"HDFS\"\", \"\"hdfs-site\"\");",
	" - if (sc != null) {",
	" - // First, check if it's HA config",
	" - String nameServices = null;",
	" - AmbariComponent nameNodeComp = cluster.getComponent(\"\"NAMENODE\"\");",
	" - if (nameNodeComp != null) {",
	" - nameServices = nameNodeComp.getConfigProperty(\"\"dfs.nameservices\"\");",
	" - }",
	" - if (nameServices != null && !nameServices.isEmpty()) {",
	" - String ns = null;",
	" - // Parse the nameservices value",
	" - String[] namespaces = nameServices.split(\"\",\"\");",
	" - if (namespaces.length > 1) {",
	" - String nsParam = (serviceParams != null) ? serviceParams.get(NAMESERVICE_PARAM) : null;",
	" - if (nsParam != null) {",
	" - if (!validateDeclaredNameService(sc, nsParam)) {",
	" - log.undefinedHDFSNameService(nsParam);",
	" - }",
	" - ns = nsParam;",
	" - } else {",
	" - // core-site.xml : dfs.defaultFS property (e.g., hdfs://ns1)",
	" - AmbariCluster.ServiceConfiguration coreSite = cluster.getServiceConfiguration(\"\"HDFS\"\", \"\"core-site\"\");",
	" - if (coreSite != null) {",
	" - String defaultFS = coreSite.getProperties().get(\"\"fs.defaultFS\"\");",
	" - if (defaultFS != null) {",
	" - ns = defaultFS.substring(defaultFS.lastIndexOf(\"\"/\"\") + 1);",
	" - }",
	" - }",
	" - }",
	" - }"
        ]
      }
    }
  ]
}