{
  "code": "",
  "email": "nickallen@apache.org",
  "name": "Nick Allen",
  "project": "Apache/Metron",
  "first_commit": "2016",
  "cqs": [
    {
      "td_type": "Defect Debt",
      "td_issue": "Generic exceptions should never be thrown",
      "commit": {
        "hash": "3dfd7be6f9b5325bdce01ed21f15d2ed13384ea3",
        "msg": "METRON-389 Create Java API to Read Profile Data During Model Scoring (nickwallen)",
        "file": "ProfileHBaseMapper.java",
        "lang": "java",
        "diff": [
    	" - } catch(NoSuchAlgorithmException e) {",
      	" - throw new RuntimeException(e);"
        ]
      }
    },
    {
      "td_type": "Test Debt",
      "td_issue": "Tests should include assertions",
      "commit": {
        "hash": "3acb216539f8d757e52eae021838d9e56e379cc4",
        "msg": "METRON-367 Enhance Profiler to Support Multiple Numeric Types (nickwallen) ",
        "file": "ProfilerIntegrationTest.java",
        "lang": "java",
        "diff": [
	" + /**",
	" + * Tests the second example contained within the README.",
	" + */",
	" + @Test",
	" + public void testExample2() throws Exception {",
	" +",
	" + setup(TEST_RESOURCES + \"\"/config/zookeeper/readme-example-2\"\");",
	" +",
	" + // start the topology and write test messages to kafka",
	" + fluxComponent.submitTopology();",
	" + kafkaComponent.writeMessages(Constants.INDEXING_TOPIC, input);",
	" +",
	" + // verify - ensure the profile is being persisted",
	" + waitOrTimeout(() -> profilerTable.getPutLog().size() > 0,",
	" + timeout(seconds(90)));",
	" +",
	" + // verify - there are 5 'HTTP' and 5 'DNS' messages thus 5/5 = 1",
	" + double actual = readDouble(ProfileHBaseMapper.QVALUE);",
	" + Assert.assertEquals(5.0 / 5.0, actual, 0.01);",
	" + }"
        ]
      }
    },
    {
      "td_type": "Test Debt",
      "td_issue": "Tests should include assertions",
      "commit": {
        "hash": "3acb216539f8d757e52eae021838d9e56e379cc4",
        "msg": "METRON-367 Enhance Profiler to Support Multiple Numeric Types (nickwallen) ",
        "file": "ProfilerIntegrationTest.java",
        "lang": "java",
        "diff": [
	" @@ -33,133 +29,47 @@ import static java.lang.String.format;",
 	" public class ProfilePeriod {",
	" ",
   	" /**",
	" -   * The year.",
	" -   */",
	" -  private int year;",
	" -",
	" -  /**",
	" -   * Day of the year; [1, 366]",
	" +   * A monotonically increasing number identifying the period. The first period is 0",
	" +   * and began at the epoch.",
	" */",
	" -  private int dayOfYear;",
	" +  private long period;",
	"",
	" /**",
	" - * Hour of the day; [0, 23]",
	" + * The duration of each period in milliseconds.",
	" */",
	" - private int hour;",
	" -",
	" - /**",
	" - * The period within the hour; [0, periodsPerHour)",
	" - */"
        ]
      }
    }
  ]
}