{
  "code": "",
  "email": "michael.miklavcic@gmail.com",
  "name": "Michael Miklavcic",
  "project": "Apache/Metron",
  "first_commit": "2016",
  "cqs": [
    {
      "td_type": "Defect Debt",
      "td_issue": "Printf-style format strings should be used correctly",
      "commit": {
        "hash": "ec959d20efa72e9868d87a02d9407bbaad34c4c8",
        "msg": "METRON-975: Normalize logging and switch to common idiom with SLF4J (mmiklavc)",
        "file": "PcapCli.java",
        "lang": "java",
        "diff": [
        	" - LOGGER.error(\"\"Failed to execute fixed filter job: \"\" + e.getMessage(), e);",
        	" + LOGGER.error(\"\"Failed to execute fixed filter job: {}\"\", e.getMessage(), e);"
        ]
      }
    },
    {
      "td_type": "Code Debt",
      "td_issue": "Unused assignments should be removed",
      "commit": {
        "hash": "e0c9970b1f467135f01ee212fb2a8d7f2d61de8b",
        "msg": "METRON-257 Enable pcap result pagination from the Pcap CLI (mmiklavc via cestella)",
        "file": "PcapCli.java",
        "lang": "java",
        "diff": [
        	" - String timestamp = clock.currentTimeFormatted(\"\"yyyyMMddHHmmssSSSZ\"\");",
    	" - String outFileName = String.format(\"\"pcap-data-%s.pcap\"\", timestamp);"
        ]
      }
    }
  ]
}