{
  "code": "",
  "email": "justinjleet@gmail.com",
  "name": "Justin Leet",
  "project": "Apache/Metron",
  "first_commit": "2016",
  "cqs": [
    {
      "td_type": "Defect Debt",
      "td_issue": "Methods should not be empty",
      "commit": {
        "hash": "fa6f3df51b881e84aa7a9525f24c627fa28ca62e",
        "msg": "METRON-283 Migrate Geo Enrichment outside of MySQL (justinleet) closes",
        "file": "GenericEnrichmentBolt.java",
        "lang": "java",
        "diff": [
  	" - protected void handleError() {",
	" - ",
  	" - }"
        ]
      }
    }
  ]
}