{
  "code": "",
  "email": "merrimanr@gmail.com",
  "name": "merrimanr",
  "project": "Apache/Metron",
  "first_commit": "2016",
  "cqs": [
    {
      "td_type": "Code Debt",
      "td_issue": "Methods should not be empty",
      "commit": {
        "hash": "5dd87886d6288b3f65e4f26e88ef10dcc82895fe",
        "msg": "METRON-859 Use REST application with Kerberos (merrimanr) closes #535",
        "file": "HadoopConfig.java",
        "lang": "java",
        "diff": [
	" public class HadoopConfig {",
	" ",
    	" - @Autowired",
    	" private Environment environment;",
	" ",
   	" + @Autowired",
    	" + public HadoopConfig(Environment environment) {",
      	" + this.environment = environment;",
    	" + }"
        ]
      }
    },
   {
      "td_type": "Design Debt",
      "td_issue": "Cognitive Complexity of methods should not be too high",
      "commit": {
        "hash": "545f358a11c91c40807855024d0169d59561c83d",
        "msg": "METRON-1114 Add group by capabilities to search REST endpoint (merrimanr) ",
        "file": "ElasticsearchDao.java",
        "lang": "java",
        "diff": [
	" @@ -146,23 +137,8 @@ public class ElasticsearchDao implements IndexDao {",
	" }",
     	" SearchResponse searchResponse = new SearchResponse();",
     	" searchResponse.setTotal(elasticsearchResponse.getHits().getTotalHits());",
	" - searchResponse.setResults(Arrays.stream(elasticsearchResponse.getHits().getHits()).map(searchHit -> {",
	" - SearchResult searchResult = new SearchResult();",
	" - searchResult.setId(searchHit.getId());",
	" - Map<String, Object> source;",
	" - if (fields.isPresent()) {",
	" - source = new HashMap<>();",
	" - searchHit.getFields().forEach((key, value) -> {",
	" - source.put(key, value.getValues().size() == 1 ? value.getValue() : value.getValues());",
	" - });",
	" - } else {",
	" - source = searchHit.getSource();",
	" - }",
	" - searchResult.setSource(source);",
	" - searchResult.setScore(searchHit.getScore());",
	" - searchResult.setIndex(searchHit.getIndex());",
	" - return searchResult;",
	" - }).collect(Collectors.toList()));",
	" + searchResponse.setResults(Arrays.stream(elasticsearchResponse.getHits().getHits()).map(searchHit ->",
	" + getSearchResult(searchHit, fields.isPresent())).collect(Collectors.toList()));"
        ]
      }
    }
  ]
}