{
  "code": "",
  "email": "cestella@gmail.com",
  "name": "cestella",
  "project": "Apache/Metron",
  "first_commit": "2015",
  "cqs": [
    {
      "td_type": "Defect Debt",
      "td_issue": "Methods should not be empty",
      "commit": {
        "hash": "5fb4dda0e385ba030455db4c7d1290f872b688ce",
        "msg": "Cleaning for the release.",
        "file": "BasicBluecoatParser.java",
        "lang": "java",
        "diff": [
	" - @Override",
	" - public void configure(Map<String, Object> parserConfig) {",
	" - ",
	" - }",
	" - ",
	" - @Override",
	" - public void init() {",
	" - ",
	" - }"
        ]
      }
    }
  ]
}