{
  "code": "",
  "email": "kmarton@apache.org",
  "name": "Julia Kinga Marton",
  "project": "Apache/Oozie",
  "first_commit": "2018",
  "cqs": [
    {
      "td_type": "Design Debt",
      "td_issue": "Source files should not have any duplicated blocks",
      "commit": {
        "hash": "512360e7dd584d565748e2b2881867c267222d58",
        "msg": "OOZIE-2907 Delete PrepareActionsDriver from oozie-sharelib (asalamon74 via kmarton)",
        "file": "TestPrepareActionsDriver.java",
        "lang": "java",
        "diff": [
    	" - // Test to check if prepare action is performed as expected when the prepare XML block is a valid one",
    	" - public void testDoOperationsWithValidXML() throws LauncherException, IOException, ParserConfigurationException, SAXException {",
        	" - Path actionDir = getFsTestCaseDir();",
        	" - FileSystem fs = getFileSystem();",
        	" - Path newDir = new Path(actionDir, \"\"newDir\"\");",
        	" - String prepareXML = \"\"<prepare>\"\" + \"<mkdir path='\"\" + newDir + \"\"'/>\"\" + \"\"</prepare>\"\";",
	" -",
	" - // Delete the file if it is already there",
        	" - if (fs.exists(newDir)) {",
            	" - fs.delete(newDir, true);",
        	" - }",
	" - ",
        	" - JobConf conf = createJobConf();",
        	" - LauncherHelper.setupLauncherURIHandlerConf(conf);",
        	" - PrepareActionsDriver.doOperations(prepareXML, conf);",
        	" - assertTrue(fs.exists(actionDir));",
    	" - }",
	" - ",
    	" - // Test to check if Exception is thrown when the prepare XML block is invalid",
    	" - public void testDoOperationsWithInvalidXML() throws LauncherException, IOException {",
        	" - Path actionDir = getFsTestCaseDir();",
        	" - FileSystem fs = getFileSystem();",
        	" - Path newDir = new Path(actionDir, \"\"newDir\"\");",
        	" - String prepareXML = \"\"\"\";",
	" - ",
        	" - // Delete the file if it is already there",
        	" - if (fs.exists(newDir)) {",
            	" - fs.delete(newDir, true);",
        	" - }"
        ]
      }
    },
    {
      "td_type": "Documentation Debt",
      "td_issue": "Deprecated elements should have both the annotation and the Javadoc tag",
      "commit": {
        "hash": "512360e7dd584d565748e2b2881867c267222d58",
        "msg": "OOZIE-2907 Delete PrepareActionsDriver from oozie-sharelib (asalamon74 via kmarton)",
        "file": "PrepareActionsDriver.java",
        "lang": "java",
        "diff": [
	" - /**",
 	" - * Utility class to perform operations on the prepare block of Workflow",
 	" - *",
 	" - */",
	" - @Deprecated"
        ]
      }
    }
  ]
}