{
  "code": "",
  "email": "struberg@apache.org",
  "name": "Mark Struberg",
  "project": "Apache/OpenWebBeans",
  "first_commit": "2009",
  "cqs": [
    {
      "td_type": "Defect Debt",
      "td_issue": "Raw types should not be used",
      "commit": {
        "hash": "582c6db5d8e450e19dd849a8b8174f3888fef2dc",
        "msg": "OWB-538 fix isPurePojoBean superclass check",
        "file": "DefinitionUtil.java",
        "lang": "java",
        "diff": [
        	" - Class superClass = cls.getSuperclass();",
        	" + Class<?> superClass = cls.getSuperclass();"
        ]
      }
    },
    {
      "td_type": "Design Debt",
      "td_issue": "Cognitive Complexity of methods should not be too high",
      "commit": {
        "hash": "f3626666c5bcae0f46c7a7091ecca2790affc75b",
        "msg": "OWB-745: moved DefinitionUtil.addConstructorInjectionPointMetaData to ManagedBeanCreatorImpl",
        "file": "AbstractInjecionTargetBeanCreator.java",
        "lang": "java",
        "diff": [
	" - @Override",
	" - public void afterPhase(PhaseEvent phaseEvent)",
	" - {",
	" - if (phaseEvent.getPhaseId().equals(PhaseId.RENDER_RESPONSE) ||",
	" - phaseEvent.getFacesContext().getResponseComplete())",
	" - {",
	" - if(!isOwbApplication())",
	" - {",
	" - return;",
	" - }",
	" - ConversationManager conversationManager = webBeansContext.getConversationManager();",
	" - Conversation conversation = conversationManager.getConversationBeanReference();",
	" - if (conversation.isTransient())",
	" - {",
	" - if (logger.isLoggable(Level.FINE))",
	" - {",
	" - logger.log(Level.FINE, \"\"Destroying the conversation context with cid : [{0}]\"\", conversation.getId());",
	" - }",
	" - contextsService.endContext(ConversationScoped.class, null);",
	" - }",
	" - else",
	" - {",
	" - //Conversation must be used by one thread at a time",
	" - ConversationImpl owbConversation = (ConversationImpl)conversation;",
	" - owbConversation.updateTimeOut();",
	" - //Other threads can now access propogated conversation.",
	" - owbConversation.iDontUseItAnymore();",
	" - }",
	" - }",
	" - }"
        ]
      }
    },
    {
      "td_type": "Code Debt",
      "td_issue": "Unused method parameters should be removed",
      "commit": {
        "hash": "5462311d0e41288f948daa986cf3821c24cd2798",
        "msg": "OWB-594 fix broken @ApplicationScoped bean caching",
        "file": "ApplicationScopedBeanIntereptorHandler.java",
        "lang": "java",
        "diff": [
    	" - protected Object getContextualInstance(OwbBean<Object> bean)",
    	" + protected Object getContextualInstance()"
        ]
      }
    },
    {
      "td_type": "Documentation Debt",
      "td_issue": "Deprecated elements should have both the annotation and the Javadoc tag",
      "commit": {
        "hash": "9a53218c809092f8955113bf2245e94739c3d027",
        "msg": "OWB-1046 finally get rid of old ContextFactory class. This class is @deprecated for many years now. It also already did just delegate through to the ContextsService impl.",
        "file": "WebBeansContext.java",
        "lang": "java",
        "diff": [
    	" - @Deprecated",
    	" - public ContextFactory getContextFactory()",
    	" - {",
        	" - return contextFactory;",
    	" - }"
        ]
      }
    }
  ]
}