{
  "code": "",
  "email": "djencks@apache.org",
  "name": "David Jencks",
  "project": "Apache/OpenWebBeans",
  "first_commit": "2010",
  "cqs": [
    {
      "td_type": "Code Debt",
      "td_issue": "Sections of code should not be commented out",
      "commit": {
        "hash": "1d38c8cef212708f9d9f8883c8d5f9e31b6e4c13",
        "msg": "OWB-578 alternate DI constructor for OpenWebBeansConfiguration",
        "file": "AbstractLifeCycle.java",
        "lang": "java",
        "diff": [
	" @@ -196,14 +201,6 @@ public abstract class AbstractLifeCycle implements ContainerLifecycle",
         	" return logger;",
     	" }",
	" - /**",
	" - * @return the scannerService",
	" - */",
	" - //    protected ScannerService getScannerService()",
	" - //    {",
	" - //        return scannerService;",
	" - //    }",
	" -"
        ]
      }
    }
  ]
}