{
  "code": "",
  "email": "rmannibucau@gmail.com",
  "name": "Romain Manni-Bucau",
  "project": "Apache/OpenWebBeans",
  "first_commit": "2012",
  "cqs": [
    {
      "td_type": "Code Debt",
      "td_issue": "Unused method parameters should be removed",
      "commit": {
        "hash": "0ccaa265dda360e4bab4b8915871b4990b9f9f32",
        "msg": "minor cleanup (useless param/method)",
        "file": "GenericsUtil.java",
        "lang": "java",
        "diff": [
	" - private static boolean isAssignableFrom(boolean isDelegateOrEvent, Class<?> injectionPointType, Class<?> beanType)",
    	" + private static boolean isAssignableFrom(Class<?> injectionPointType, Class<?> beanType)"
        ]
      }
    },
    {
      "td_type": "Defect Debt",
      "td_issue": "Boolean expressions should not be gratuitous",
      "commit": {
        "hash": "e2e39b7cfca543e9caa80d35bbfd2a5fd79c2757",
        "msg": "minor typo (i think) which can affect EE case - the PluginLoader was never finding plugins and internal beans was not created since they needed the wbcontext",
        "file": "PluginLoader.java",
        "lang": "java",
        "diff": [
	" @@ -270,6 +270,6 @@ public OpenWebBeansWebPlugin getWebPlugin()",
    	" private boolean pluginsExist()",
    	" {",
        	" - return plugins == null && plugins.size() > 0;",
        	" + return plugins != null && plugins.size() > 0;",
    	" }"
        ]
      }
    }
  ]
}