{
  "code": "",
  "email": "dblevins@apache.org",
  "name": "David Blevins",
  "project": "Apache/OpenWebBeans",
  "first_commit": "2009",
  "cqs": [
    {
      "td_type": "Design Debt",
      "td_issue": "Cognitive Complexity of methods should not be too high",
      "commit": {
        "hash": "baed6f2f6104f6cd442b426912273d7f18a0447b",
        "msg": "OWB-701: Removing Javassist. Refactored all Javassist dependencies into the new proxy.javassist package.",
        "file": "JavassistProxyFactory.java",
        "lang": "java",
        "diff": [
 	" if (!(bean instanceof WebBeansDecorator<?>) && !(bean instanceof WebBeansInterceptor<?>))",
	" {",
	" InterceptorHandler interceptorHandler = createInterceptorHandler(bean, creationalContext);",
	" - if (!true)",
	" - {",
	" - final Set<Type> types = bean.getTypes();",
	" - final Set<Class<?>> interfaceList = new HashSet<Class<?>>();",
	" - Class<?> superClass = null;",
	" - for (Type generic : types)",
	" - {",
	" - Class<?> type = ClassUtil.getClazz(generic);",
	" - if (type.isInterface())",
	" - {",
	" - interfaceList.add(type);",
	" - }",
	" - else if ((superClass == null) || (superClass.isAssignableFrom(type) && type != Object.class))",
	" - {",
	" - superClass = type;",	
	" - }",
	" - }",
	" - if (!interfaceList.contains(Serializable.class))",
	" - {",
	" - interfaceList.add(Serializable.class);",
	" - }",
	" - Class<?>[] interfaceArray = new Class<?>[interfaceList.size()];",
	" - interfaceArray = interfaceList.toArray(interfaceArray);",
	" - if (superClass == null || superClass.equals(Object.class))",
	" - {",
	" - return Proxy.newProxyInstance(WebBeansUtil.getCurrentClassLoader(), interfaceArray,",
	" -  interceptorHandler);",
	" - }",
	" - else",
	" - {",
	" - return AsmProxyFactory.newProxyInstance(WebBeansUtil.getCurrentClassLoader(),",
	" - interceptorHandler, superClass, interfaceArray);",
	" - }",
	" - }",
	" - else",
	" - {",
	" - setHandler(result, interceptorHandler);",
	" - }",
	" + setHandler(result, interceptorHandler);",
	" }",
	" }",
	" catch (Exception e)"
        ]
      }
    },
    {
      "td_type": "Code Debt",
      "td_issue": "Sections of code should not be commented out",
      "commit": {
        "hash": "5b2f1ecca33bff2cf6ddf7cf6570439948116f5d",
        "msg": "Destatic InstanceImpl and the Context code. Some destatic of WebBeansELResolver",
        "file": "DefaultSingletonService.java",
        "lang": "java",
        "diff": [
            	" - //util.Track.get(key);",
            	" + util.Track.get(key);"
        ]
      }
    },
    {
      "td_type": "Test Debt",
      "td_issue": "Tests should not be ignored",
      "commit": {
        "hash": "13dce8e6197bc505b21b3f8d3ff094394eff4acb",
        "msg": "OWB-858: AnnotatedTypeImpl not thread safe Fixed",
        "file": "AnnotatedTypeImplTest.java",
        "lang": "java",
        "diff": [
	" @@ -110,7 +108,6 @@ public void doit()",
    	" }",
	" @Test",
    	" - @Ignore",
    	" public void testGetConstructors()",
        	" throws Exception",
    	" - {"
        ]
      }
    }
  ]
}