{
  "code": "",
  "email": "arne@apache.org",
  "name": "arne",
  "project": "Apache/OpenWebBeans",
  "first_commit": "2012",
  "cqs": [
    {
      "td_type": "Design Debt",
      "td_issue": "String literals should not be duplicated",
      "commit": {
        "hash": "1e25bad15110854b4bca9ffc6ee5dd898555b86b",
        "msg": "OWB-745: Removed WebBeansAnnotatedTypeUtil",
        "file": "WebBeansAnnotatedTypeUtil.java",
        "lang": "java",
        "diff": [
	" - if(args.length > 0)",
        	" - {",
            	" - throw new WebBeansConfigurationException(\"\"Error in defining injected methods in annotated method : \"\" + annotatedMethod+", 
                " - \"\". Reason : Initializer methods must not be generic.\"\");",
        	" - }",
	" - ",
        	" - if (annotatedMethod.isAnnotationPresent(Produces.class))",
        	" - {",
            	" - throw new WebBeansConfigurationException(\"\"Error in defining injected methods in annotated method : \"\" + annotatedMethod+", 
            	" - \"\". Reason : Initializer method can not be annotated with @Produces.\"\");",
        	" - }"
        ]
      }
    },
    {
      "td_type": "Code Debt",
      "td_issue": "Unused assignments should be removed",
      "commit": {
        "hash": "f3626666c5bcae0f46c7a7091ecca2790affc75b",
        "msg": "OWB-745: moved DefinitionUtil.addConstructorInjectionPointMetaData to ManagedBeanCreatorImpl",
        "file": "AbstractInjecionTargetBeanCreator.java",
        "lang": "java",
        "diff": [
        	" - DefinitionUtil definitionUtil = webBeansContext.getDefinitionUtil();"
        ]
      }
    }
  ]
}