{
  "code": "",
  "email": "cgurkanerdogdu@gmail.com",
  "name": "Gurkan Erdogdu",
  "project": "Apache/OpenWebBeans",
  "first_commit": "2008",
  "cqs": [
    {
      "td_type": "Code Debt",
      "td_issue": "Unused method parameters should be removed",
      "commit": {
        "hash": "fe6718988f90bd491a95de6e050a521f90c039f0",
        "msg": "Update API contract.",
        "file": "CreationalContextImpl.java",
        "lang": "java",
        "diff": [
    	" - public void push(Bean<T> bean, T incompleteInstance)",
    	" + public void push(T incompleteInstance)"
        ]
      }
    },
    {
      "td_type": "Design Debt",
      "td_issue": "Cognitive Complexity of methods should not be too high",
      "commit": {
        "hash": "f3626666c5bcae0f46c7a7091ecca2790affc75b",
        "msg": "Updating for reflecting Instance changes.",
        "file": "WebBeansUtil.java",
        "lang": "java",
        "diff": [
	" - if(ClassUtil.isParametrizedType(injectionPoint.getType()))",
	" + if(!(rawType.equals(Instance.class)))",
	" {",
	" - ParameterizedType pt = (ParameterizedType)injectionPoint.getType();",
	" - rawType = (Class<?>) pt.getRawType();",
	" - Type[] typeArgs = pt.getActualTypeArguments();",
	" - if(!(rawType.equals(Instance.class)))",
	" + throw new WebBeansConfigurationException(\"\"<Instance> field injection \"\" + injectionPoint.toString() + \"\" must have type javax.inject.Instance\"\");",
	" + }",
	" + else",
	" + {",
	" + if(typeArgs.length == 1)",
	" {",
	" - throw new WebBeansConfigurationException(\"\"@Obtains field injection \"\" + injectionPoint.toString() + \"\" must have type javax.inject.Instance\"\");",
	" - }",
	" - else",
	" - {",
	" - if(typeArgs.length == 1)",
	" - {",
	" - Type actualArgument = typeArgs[0];",
	" - if(ClassUtil.isParametrizedType(actualArgument) || ClassUtil.isWildCardType(actualArgument) || ClassUtil.isTypeVariable(actualArgument))",
	" - {",
	" - throw new WebBeansConfigurationException(\"\"@Obtains field injection \"\" + injectionPoint.toString() + \"\" actual type argument can not be Parametrized, Wildcard type or Type variable\"\");",
	" - }",
	" - if(ClassUtil.isDefinitionConstainsTypeVariables((Class<?>)actualArgument))",
	" - {",
	" - throw new WebBeansConfigurationException(\"\"@Obtains field injection \"\" + injectionPoint.toString() + \"\" must not have TypeVariable or WildCard generic type argument\"\");",
	" - }",
	" + Type actualArgument = typeArgs[0];",
	" + if(ClassUtil.isParametrizedType(actualArgument) || ClassUtil.isWildCardType(actualArgument) || ClassUtil.isTypeVariable(actualArgument))",
	" + {",
	" + throw new WebBeansConfigurationException(\"\"<Instance> field injection \"\" + injectionPoint.toString() + \"\" actual type argument can not be Parametrized, Wildcard type or Type variable\"\");",
	" }",
	" - else",
	" - }",
	" + Type actualArgument = typeArgs[0];",
	" + if(ClassUtil.isParametrizedType(actualArgument) || ClassUtil.isWildCardType(actualArgument) || ClassUtil.isTypeVariable(actualArgument))",
	" + {",
	" + throw new WebBeansConfigurationException(\"\"<Instance> field injection \"\" + injectionPoint.toString() + \"\" actual type argument can not be Parametrized, Wildcard type or Type variable\"\");",
	" }",
	" - else",
	" + if(ClassUtil.isDefinitionConstainsTypeVariables((Class<?>)actualArgument))",
	" {",
	" - throw new WebBeansConfigurationException(\"\"@Obtains field injection \"\" + injectionPoint.toString() + \"\" must not have more than one actual type argument\"\");",
	" + throw new WebBeansConfigurationException(\"\"<Instance> field injection \"\" + injectionPoint.toString() + \"\" must not have TypeVariable or WildCard generic type argument\"\");",
	" }",
	" - }",
	" - }"
        ]
      }
    },
    {
      "td_type": "Defect Debt",
      "td_issue": "Throwable and Error should not be caught",
      "commit": {
        "hash": "da701c190e6f22c490c1df636d788d474e6a60bc",
        "msg": "OWB-38 Check throwable.",
        "file": "NotificationManager.java",
        "lang": "java",
        "diff": [
    	" - catch (Throwable e)",
           	" + catch (Exception e)"
        ]
      }
    }
  ]
}