{
  "code": "",
  "email": "tandraschko@apache.org",
  "name": "Thomas Andraschko",
  "project": "Apache/OpenWebBeans",
  "first_commit": "2012",
  "cqs": [
    {
      "td_type": "Test Debt",
      "td_issue": "TestCases should contain tests",
      "commit": {
        "hash": "d1d1598d32915373db69ccf2704a0541df524831",
        "msg": "OWB-917 - Multiple specialization doesn't work",
        "file": "MultipleSpecializationTest.java",
        "lang": "java",
        "diff": [
     	" /**",
      	" * Tests that a specialization must not have a @Named annotation",
      	" */",
	" - //@Test",
	" + @Test",
     	" public void testFailMultipleSpecializationWithNamed()",
     	" {",
	" + Exception occuredException = null;",
         	" try",
         	" {",
             	" Collection<Class<?>> beanClasses = new ArrayList<Class<?>>();",
	" @@ -68,10 +71,13 @@ public class MultipleSpecializationTest extends AbstractUnitTest",
         	" }",
         	" catch (Exception e)",
         	" {",
	" - Assert.assertEquals(WebBeansConfigurationException.class.getName(), e.getClass().getName());",
	" - Assert.assertEquals(InconsistentSpecializationException.class.getName(), e.getCause().getClass().getName());",
	" + occuredException = e;",
         	" }",
	" + Assert.assertNotNull(occuredException);",
	" + Assert.assertEquals(WebBeansConfigurationException.class.getName(), occuredException.getClass().getName());",
	" + Assert.assertEquals(DefinitionException.class.getName(), occuredException.getCause().getClass().getName());",
	" +",       
         	" shutDownContainer();",
     	" }",
 	" }"
        ]
      }
    }
  ]
}