{
  "code": "",
  "email": "jukka@apache.org",
  "name": "Jukka Zitting",
  "project": "Apache/PDFbox",
  "first_commit": "2008",
  "cqs": [
    {
      "td_type": "Defect Debt",
      "td_issue": "Methods should not be empty",
      "commit": {
        "hash": "286b2a9020c95cebe283b55282e2b57d670c0c86",
        "msg": "PDFBOX-1132: Add Tika parsers for PDF and TTF. Remove the Tika dependencies. The relevant code is evolving too fast in Tika and I haven't had time to lead the transition of that code to PDFBox. Thus it's best to leave it in Tika for now.",
        "file": "PDF2XHTML.java",
        "lang": "java",
        "diff": [
                " - @Override",
                " - public void write(char[] cbuf, int off, int len) {",
                " - }",
                " - @Override",
                " - public void flush() {",
                " - }",
                " - @Override",
                " - public void close() {",
                " - }"
        ]
      }
    },
    {
      "td_type": "Code Debt",
      "td_issue": "Unused \"private\" methods should be removed",
      "commit": {
        "hash": "286b2a9020c95cebe283b55282e2b57d670c0c86",
        "msg": "PDFBOX-1132: Add Tika parsers for PDF and TTF. Remove the Tika dependencies. The relevant code is evolving too fast in Tika and I haven't had time to lead the transition of that code to PDFBox. Thus it's best to leave it in Tika for now.",
        "file": "PDFParser.java",
        "lang": "java",
        "diff": [
	" - private void addMetadata(",
            	" - Metadata metadata, Property property, Calendar value) {",
        	" - if (value != null) {",
            	" - metadata.set(property, value.getTime());",
	" - }",
    	" - }"
        ]
      }
    }
  ]
}