{
  "code": "",
  "email": "jahewson@apache.org",
  "name": "John Hewson",
  "project": "Apache/PDFbox",
  "first_commit": "2014",
  "cqs": [
    {
      "td_type": "Code Debt",
      "td_issue": "Unused method parameters should be removed",
      "commit": {
        "hash": "daeee5e2ebaaee092ca53f9ab7f406136b2ff071",
        "msg": "Added image filter repair mechanism for PDFBOX-1893",
        "file": "DCTFilter.java",
        "lang": "java",
        "diff": [
	" - public void decode(InputStream input, OutputStream output,",
                " - COSDictionary options, int filterIndex) throws IOException",
	" + @Override",
	" + protected final DecodeResult decode(InputStream encoded, OutputStream decoded,",
                " + COSDictionary parameters) throws IOException"
        ]
      }
    },
    {
      "td_type": "Design Debt",
      "td_issue": "Cognitive Complexity of methods should not be too high",
      "commit": {
        "hash": "c19cf1d59f0e2696fb761f56c330f94487537b89",
        "msg": "PDFBOX-1963: restore binary TIFF writing and clean up ImageIOUtil",
        "file": "ImageIOUtil.java",
        "lang": "java",
        "diff": [
	" - private static boolean addResolution(IIOMetadata meta, int resolution)",
	" - {",
        	" - if (meta != null && !meta.isReadOnly() && meta.isStandardMetadataFormatSupported())",
        	" - {",
            	" - IIOMetadataNode root = (IIOMetadataNode)meta.getAsTree(STANDARD_METADATA_FORMAT);",
            	" - IIOMetadataNode dim = getChildNode(root, \"\"Dimension\"\");",
            	" - if (dim == null)",
            	" - {",
                " - dim = new IIOMetadataNode(\"\"Dimension\"\");",
                " - root.appendChild(dim);",
            	" - }",
            	" - IIOMetadataNode child;",
            	" - child = getChildNode(dim, \"\"HorizontalPixelSize\"\");",
            	" - if (child == null)",
            	" - {",
                " - child = new IIOMetadataNode(\"\"HorizontalPixelSize\"\");",
                " - dim.appendChild(child);",
            	" - }",
            	" - child.setAttribute(\"\"value\"\",",
                " - Double.toString(resolution / 25.4));",
            	" - child = getChildNode(dim, \"\"VerticalPixelSize\"\");",
           	" - if (child == null)",
            	" - {",
                " - child = new IIOMetadataNode(\"\"VerticalPixelSize\"\");",
                " - dim.appendChild(child);",
            	" - }",
            	" - child.setAttribute(\"\"value\"\",",
                " - Double.toString(resolution / 25.4));",
            	" - try",
            	" - {",
                " - meta.mergeTree(STANDARD_METADATA_FORMAT, root);",
            	" - }",
            	" - catch (IIOInvalidTreeException e)",
            	" - {",
                " - throw new RuntimeException(\"\"Cannot update image metadata: \"\"",
                " - + e.getMessage());",
            	" - }",
            	" - return true;",
        	" - }",
        	" - return false;",
    	" - }",
    	" - private static IIOMetadataNode getChildNode(Node n, String name)",
    	" - {",
        	" - NodeList nodes = n.getChildNodes();",
        	" - for (int i = 0; i < nodes.getLength(); i++)",
        	" + try",
        	" {",
            	" - Node child = nodes.item(i);",
            	" - if (name.equals(child.getNodeName()))",
            	" - {",
                " - return (IIOMetadataNode)child;",
            	" - }",
            	" + metadata.mergeTree(\"\"javax_imageio_1.0\"\", root);",
        	" }",
        	" - return null;",
    	" - }"
        ]
      }
    }


  ]
}