{
  "code": "",
  "email": "gbailleul@apache.org",
  "name": "Guillaume Bailleul",
  "project": "Apache/PDFbox",
  "first_commit": "2011",
  "cqs": [
    {
      "td_type": "Code Debt",
      "td_issue": "Sections of code should not be commented out",
      "commit": {
        "hash": "2c33be84c347669991eafc0dc4ae2a816efe58f3",
        "msg": "PDFBOX-1343 : add missing structured types and create missing field in namespaces",
        "file": "VersionType.java",
        "lang": "java",
        "diff": [
	" public ResourceEventType getEvent () {",
	" - // ResourceEventType event = (ResourceEventType)getPropertiesByLocalName(EVENT);",
	" return (ResourceEventType)getFirstEquivalentProperty(EVENT,ResourceEventType.class);",
	" }" 
        ]
      }
    }
  ]
}