{
  "code": "",
  "email": "msahyoun@apache.org",
  "name": "Maruan Sahyoun",
  "project": "Apache/PDFbox",
  "first_commit": "2013",
  "cqs": [
    {
      "td_type": "Test Debt",
      "td_issue": "Tests should include assertions",
      "commit": {
        "hash": "3d437f41c586eaf145d273cf7d0e74b6fc4ae1e0",
        "msg": "PDFBOX-3461: add handling for empty paragraphs; enhance unit tests; compare streams",
        "file": "ControlCharacterTest.java",
        "lang": "java",
        "diff": [
	" @Test",
    	" public void characterCR() throws IOException",
    	" {",
    	" - acroForm.getField(\"\"pdfbox-cr\"\").setValue(\"\"CR\rCR\"\");",
    	" + PDField field = acroForm.getField(\"\"pdfbox-cr\"\");",
    	" + field.setValue(\"\"CR\rCR\"\");",
	" +",
    	" + List<String> pdfboxValues = getStringsFromStream(field);",
    	" + List<String> acrobatValues = getStringsFromStream(acroForm.getField(\"\"acrobat-cr\"\"));",
	" +",
    	" + assertEquals(pdfboxValues, acrobatValues);",
    	" }"
        ]
      }
    },
    {
      "td_type": "Code Debt",
      "td_issue": "Unused assignments should be removed",
      "commit": {
        "hash": "4b1026b4881c1b7ed32e7249bebc49d8066c329e",
        "msg": "PDFBOX-4158: refactor; move common code to IOUtils",
        "file": "PDDocument.java",
        "lang": "java",
        "diff": [
	" @@ -1399,49 +1399,22 @@ public void close() throws IOException",
            	" // close resources and COSWriter",
            	" if (signingSupport != null)",
            	" {",
                " - try",
                " - {",
                " - signingSupport.close();",
                " - }",
                " - catch (IOException ioe)",
                " - {",
                " - LOG.warn(\"\"Error closing SigningSupport\"\", ioe);",
                " - if (firstException == null)",
                " - {",
                " - firstException = ioe;",
                " - }",
                " - }",
                " + firstException = IOUtils.closeAndLogException(signingSupport, LOG, \"\"SigningSupport\"\", firstException);",
	" } "
        ]
      }
    },
    {
      "td_type": "Design Debt",
      "td_issue": "String literals should not be duplicated",
      "commit": {
        "hash": "17f72f8ed3520654d2048a23bda563bb6858d150",
        "msg": "PDFBOX-4071: remove @throws declaration where exception will not be thrown",
        "file": "COSUtils.java",
        "lang": "java",
        "diff": [
	" @@ -70,17 +70,10 @@ public static boolean isString(COSBase elt, COSDocument doc)",
    	" {",
        	" if (elt instanceof COSObject)",
        	" {",
            	" - try",
            	" - {",
                " - COSObjectKey key = new COSObjectKey((COSObject) elt);",
                " - COSObject obj = doc.getObjectFromPool(key);",
                " - return (obj != null && (obj.getObject() instanceof COSString || obj.getObject() instanceof COSName));",
            	" - }",
            	" - catch (IOException e)",
            	" - {",
                " - LOGGER.debug(\"Couldn't get COSObject from object pool - returning false\", e);",
                " - return false;",
            	" - }",
	" +",
            	" + COSObjectKey key = new COSObjectKey((COSObject) elt);",
            	" + COSObject obj = doc.getObjectFromPool(key);",
            	" + return (obj != null && (obj.getObject() instanceof COSString || obj.getObject() instanceof COSName));",
        	" }",
	" return (elt instanceof COSString || elt instanceof COSName);",
	" @@ -122,17 +115,9 @@ private static boolean isClass(COSBase elt, COSDocument doc, Class claz)",
    	" {",
        	" if (elt instanceof COSObject)",
        	" {",
            	" - try",
            	" - {",
                " - COSObjectKey key = new COSObjectKey((COSObject) elt);",
                " - COSObject obj = doc.getObjectFromPool(key);",
                " - return (obj != null && claz.isInstance(obj.getObject()));",
            	" - }",
            	" - catch (IOException e)",
            	" - {",
                " - LOGGER.debug(\"\"Couldn't get COSObject from object pool - returning false\"\", e);",
                " - return false;",
            	" - }",
            	" + COSObjectKey key = new COSObjectKey((COSObject) elt);",
            	" + COSObject obj = doc.getObjectFromPool(key);",
            	" + return (obj != null && claz.isInstance(obj.getObject()));",
        	" }",
	" return claz.isInstance(elt);"
        ]
      }
    }
  ]
}