{
  "code": "",
  "email": "leleueri@apache.org",
  "name": "Eric Leleu",
  "project": "Apache/PDFbox",
  "first_commit": "2011",
  "cqs": [
    {
      "td_type": "Design Debt",
      "td_issue": "Source files should not have any duplicated blocks",
      "commit": {
        "hash": "e52d346adfa24ac83ec71d79c02d67e14434b1a4",
        "msg": "[https://issues.apache.org/jira/browse/PDFBOX-1312] Font validation refactoring",
        "file": "CompositeFontContainer.java",
        "lang": "java",
        "diff": [
	" - CFFType0FontContainer getCFFType0() {",
  	" - if (delegatedContainer == null) {",
  	" - delegatedContainer = new CFFType0FontContainer(this);",
  	" - }",
  	" - return (CFFType0FontContainer)this.delegatedContainer;",
	" - }",
	" -",
	" -  CFFType2FontContainer getCFFType2() {",
  	" - if (delegatedContainer == null) {",
  	" - delegatedContainer = new CFFType2FontContainer(this);",
  	" - }",
  	" - return (CFFType2FontContainer)this.delegatedContainer;",
	" - }"
        ]
      }
    },
    {
      "td_type": "Code Debt",
      "td_issue": "Unused method parameters should be removed",
      "commit": {
        "hash": "e52d346adfa24ac83ec71d79c02d67e14434b1a4",
        "msg": "[https://issues.apache.org/jira/browse/PDFBOX-1312] Font validation refactoring",
        "file": "SimpleFontValidator.java",
        "lang": "java",
        "diff": [
	" + public void validate() throws ValidationException {",
	" + checkMandatoryField();",
	" - protected boolean checkToUnicode(COSDocument cDoc) {",
	" - // Check the toUnicode -- Useless for PDF/A 1-b",
	" - return true;",
	" + createFontDescriptorHelper();",
	" + processFontDescriptorValidation();",
	" +",
	" + checkEncoding();",
	" + checkToUnicode();",
	" }"
        ]
      }
    }
  ]
}