{
  "code": "",
  "email": "lehmi@apache.org",
  "name": "Andreas Lehmkühler",
  "project": "Apache/PDFbox",
  "first_commit": "2009",
  "cqs": [
    {
      "td_type": "Defect Debt",
      "td_issue": "Raw types should not be used",
      "commit": {
        "hash": "a8cbfd833f52da467b561b068cfca9f09751e48f",
        "msg": "PDFBOX-4458: introduced constants for operator names",
        "file": "OperatorProcessor.java",
        "lang": "java",
        "diff": [
	" @@ -76,7 +76,7 @@ public void setContext(PDFStreamEngine context)",
	" * @param clazz The expected class.",
     	" * @return the boolean",
     	" */",
    	" - public boolean checkArrayTypesClass(List<COSBase> operands, Class clazz)",
    	" + public boolean checkArrayTypesClass(List<COSBase> operands, Class<?> clazz)",
    	" {",
        	" for (COSBase base : operands)",
        	" {"
        ]
      }
    },
    {
      "td_type": "Design Debt",
      "td_issue": "Cognitive Complexity of methods should not be too high",
      "commit": {
        "hash": "1b7c1071fe82f95a5ee315872fe797a68c4c9fb5",
        "msg": "PDFBOX-568: improved text extraction of sample_fonts_solidconvertor.pdf and cweb.pdf from our test arena",
        "file": "PDFont.java",
        "lang": "java",
        "diff": [
	" @@ -583,61 +599,6 @@ public void setEncoding( Encoding enc )",
    	" public Encoding getEncoding() throws IOException",
    	" {",
        	" - if( fontEncoding == null )",
        	" - {",
            	" - EncodingManager manager = getEncodingManager();",
            	" - COSBase encoding = getEncodingObject();",
            	" - if( encoding == null )",
            	" - {",
                " - FontMetric metric = getAFM();",
                " - if( metric != null )",
                " - {",
                " - fontEncoding = new AFMEncoding( metric );",
                " - }",
                " - if( fontEncoding == null )",
                " - {",
                " - fontEncoding = manager.getStandardEncoding();",
                " - }",
            	" - }",
            	" - else if( encoding instanceof COSDictionary )",
            	" - {",
                " - COSDictionary encodingDic = (COSDictionary)encoding;",
                " - if( baseEncodingName == null)",
                " - {",
                " - COSName fontEncodingFromFile = getEncodingFromFont();",
                " - encodingDic.setItem(",
                " - COSName.BASE_ENCODING,",
                " - fontEncodingFromFile );",
                " - }",
                " - fontEncoding = new DictionaryEncoding( encodingDic );",
            	" - }",
            	" - else if( encoding instanceof COSName )",
            	" - {",
                " - if( !encoding.equals( COSName.IDENTITY_H ) )",
                " - {",
                " - fontEncoding = manager.getEncoding( (COSName)encoding );",
                " - }",
            	" - }",
            	" - else",
            	" - {",
                " - throw new IOException( \"\"Unexpected encoding type:\"\" + encoding.getClass().getName() );",
            	" - }",
        	" - }",
        	" return fontEncoding;",
    	" }"
        ]
      }
    }
  ]
}