{
  "code": "",
  "email": "tilman@apache.org",
  "name": "Tilman Hausherr",
  "project": "Apache/PDFbox",
  "first_commit": "2011",
  "cqs": [
    {
      "td_type": "Code Debt",
      "td_issue": "Try-with-resources should be used",
      "commit": {
        "hash": "c9e6e0c8870e5f4ab815cadfe291b6f464be6a21",
        "msg": "PDFBOX-2852: use JDK7 syntax",
        "file": "AddMessageToEachPage.java",
        "lang": "java",
        "diff": [
	" @@ -55,12 +55,8 @@ public AddMessageToEachPage()",
     	" */",
    	" public void doIt( String file, String message, String  outfile ) throws IOException",
    	" {",
        	" - // the document",
        	" - PDDocument doc = null;",
        	" - try",
        	" + try (PDDocument doc = PDDocument.load(new File(file)))",
        	" {",
            	" - doc = PDDocument.load( new File(file) );",
	" -",
            	" PDFont font = PDType1Font.HELVETICA_BOLD;",
            	" float fontSize = 36.0f;"
        ]
      }
    },
    {
      "td_type": "Defect Debt",
      "td_issue": "Resources should be closed",
      "commit": {
        "hash": "01aaf7466261a5a7bdcd683524e6b974e4808427",
        "msg": "PDFBOX-4071: SonarQube fix",
        "file": "PDFDebugger.java",
        "lang": "java",
        "diff": [
	" @@ -1106,10 +1105,10 @@ else if( selectedNode instanceof COSStream )",
            	" try",
            	" {",
                " COSStream stream = (COSStream) selectedNode;",
                " - InputStream in = stream.createInputStream();",
                " - ByteArrayOutputStream baos = new ByteArrayOutputStream();",
                " - IOUtils.copy(in, baos);",
                " - data = baos.toString();",
                " + try (InputStream in = stream.createInputStream())",
                " + {",
                " + data = new String(IOUtils.toByteArray(in));",
                " + }",
            	" }",
            	" catch( IOException e )",
            	" {"
        ]
      }
    },
    {
      "td_type": "Design Debt",
      "td_issue": "Cognitive Complexity of methods should not be too high",
      "commit": {
        "hash": "895bbca001463af13a65ffb3c5403c752096382f",
        "msg": "PDFBOX-2941: show the names only for 'real' fields",
        "file": "PDFTreeCellRenderer.java",
        "lang": "java",
        "diff": [
	" @@ -194,16 +194,6 @@ private String toTreePostfix(Object nodeValue)",
                " dict.containsKey(COSName.T) && dict.containsKey(COSName.KIDS))",
            	" {",
                " String name = dict.getString(COSName.T);",
                " - while (name == null)",
                " - {",
                " - COSBase base = dict.getDictionaryObject(COSName.PARENT);",
                " - if (!(base instanceof COSDictionary))",
                " - {",
                " - break;",
                " - }",
                " - dict = (COSDictionary) base;",
                " - name = dict.getString(COSName.T);",
                " - }",
                " if (name != null)",
                " {",
                " sb.append(\"\"   Name: \"\");"
        ]
      }
    }
  ]
}