{
  "code": "",
  "email": "erenavsarogullari@gmail.com",
  "name": "Eren Avsarogullari",
  "project": "Apache/Pulsar",
  "first_commit": "2018",
  "cqs": [
    {
      "td_type": "Code Debt",
      "td_issue": "Static fields should not be updated in constructors",
      "commit": {
        "hash": "140d375e795f26b6176d606030f7bcaa611858f2",
        "msg": "[Pulsar-Flink] Refactor Flink Batch Sink Examples",
        "file": "BasePulsarOutputFormat.java",
        "lang": "java",
        "diff": [
   	" - protected static String serviceUrl;",
    	" - protected static String topicName;",
    	" + protected final String serviceUrl;",
    	" + protected final String topicName;",
    	" + protected SerializationSchema<T> serializationSchema;",
	" ",
    	" - protected BasePulsarOutputFormat(String serviceUrl, String topicName) {",
    	" + protected BasePulsarOutputFormat(final String serviceUrl, final String topicName) {",
        	" Preconditions.checkArgument(StringUtils.isNotBlank(serviceUrl), \"\"serviceUrl cannot be blank.\"\");",
        	" Preconditions.checkArgument(StringUtils.isNotBlank(topicName),  \"\"topicName cannot be blank.\"\");",
	" ",
        	" this.serviceUrl = serviceUrl;",
        	" this.topicName = topicName;"
        ]
      }
    },
    {
      "td_type": "Defect Debt",
      "td_issue": "Exceptions should be either logged or rethrown but not both",
      "commit": {
        "hash": "182ac654f2bf16e5a7602ebf1431d71d8066bbb4",
        "msg": "[Pulsar-Flink] Add Batch Csv Sink Support",
        "file": "PulsarOutputFormat.java",
        "lang": "java",
        "diff": [
   	" - } catch (PulsarClientException e) {",
            	" - LOG.error(\"\"Pulsar producer can not be created.\"\", e);",
            	" - throw e;",
        	" }"
        ]
      }
    }
  ]
}