{
  "code": "",
  "email": "rdhabalia@apache.org",
  "name": "Rajan Dhabalia",
  "project": "Apache/Pulsar",
  "first_commit": "2016",
  "cqs": [
    {
      "td_type": "Defect Debt",
      "td_issue": "Generic exceptions should never be thrown",
      "commit": {
        "hash": "828af53b202da06ab8a36f9c4ff5c3765eeb9657",
        "msg": "Gracefully shutdown function worker service (#2635)",
        "file": "Worker.java",
        "lang": "java",
        "diff": [
    	" - protected void doStartImpl() throws Exception {"
        ]
      }
    }
  ]
}