{
  "code": "",
  "email": "mmerli@apache.org",
  "name": "Matteo Merli",
  "project": "Apache/Pulsar",
  "first_commit": "2016",
  "cqs": [
    {
      "td_type": "Design Debt",
      "td_issue": "Source files should not have any duplicated blocks",
      "commit": {
        "hash": "4a85bb79f3791481920b41ed2d2599dbd559d3a1",
        "msg": "After #3228, removed usages of deprecated client API (#3272)",
        "file": "ProducerConfiguration.java",
        "lang": "java",
        "diff": [
         	" - @Deprecated",
    	" - public MessageRouter getMessageRouter(int numPartitions) {",
        	" - return conf.getCustomMessageRouter();",
    	" - }",
    	" - public MessageRouter getMessageRouter() {",
       	" - return conf.getCustomMessageRouter();",
    	" - }"
        ]
      }
    }
  ]
}