{
  "code": "",
  "email": "zhaijia@apache.org",
  "name": "Jia Zhai",
  "project": "Apache/Pulsar",
  "first_commit": "2019",
  "cqs": [
    {
      "td_type": "Test Debt",
      "td_issue": "Thread.sleep should not be used in tests",
      "commit": {
        "hash": "dd4e59ff419f1998d7d198eb9216f427f0ea766e",
        "msg": "revert #2590 (#3110)",
        "file": "UnAcknowledgedMessagesTimeoutTest.java",
        "lang": "java",
        "diff": [
        	" - Thread.sleep((int) (ackTimeOutMillis * 1.1));"
        ]
      }
    }
  ]
}