{
  "code": "",
  "email": "ivank@apache.org",
  "name": "Ivan Kelly",
  "project": "Apache/Pulsar",
  "first_commit": "2017",
  "cqs": [
    {
      "td_type": "Test Debt",
      "td_issue": "Thread.sleep should not be used in tests",
      "commit": {
        "hash": "06f9e2d126eba015bc9b0461014aa3b74794f546",
        "msg": "CLI for offload (#1865)",
        "file": "TestS3Offload.java",
        "lang": "java",
        "diff": [
                " - while (status.status == LongRunningProcessStatus.Status.RUNNING) {",
                " - Thread.sleep(100);",
                " - status = admin.topics().offloadStatus(topic);",
                "}"
        ]
      }
    },
    {
      "td_type": "Code Debt",
      "td_issue": "Unused assignments should be removed",
      "commit": {
        "hash": "9594553e86b35d3f5243cf3bd3519f0122c7a01c",
        "msg": "Store data block header length in index and block header (#1854)",
        "file": "DataBlockHeaderImpl.java",
        "lang": "java",
        "diff": [
                " - DataInputStream dis = new DataInputStream(stream);"        
        ]
      }
    },
    {
      "td_type": "Documentation Debt",
      "td_issue": "Track uses of  \"\"FIXME\"\" tags",
      "commit": {
        "hash": "79b0e28d15e1e8c3fcdb4b29aee0956a3a31ebc8",
        "msg": "Store offloaded data object size in index (#1810)",
        "file": "S3BackedReadHandleImpl.java",
        "lang": "java",
        "diff": [
	" - ObjectMetadata dataMetadata = s3client.getObjectMetadata(bucket, key); // FIXME: this should be part of index",
             	" S3BackedInputStream inputStream = new S3BackedInputStreamImpl(s3client, bucket, key,",
	" - dataMetadata.getContentLength(),",
	" + index.getDataObjectLength(),",
                " readBufferSize);",
             	" return new S3BackedReadHandleImpl(ledgerId, index, inputStream, executor);",
         	" }"
 
        ]
      }
    }
  ]
}