{
  "code": "",
  "email": "alahmed.se@gmail.com",
  "name": "Ali Ahmed",
  "project": "Apache/Pulsar",
  "first_commit": "2018",
  "cqs": [
    {
      "td_type": "Design Debt",
      "td_issue": "Cognitive Complexity of methods should not be too high",
      "commit": {
        "hash": "867d924e201a7400e29d438bfb191fff8395ce6f",
        "msg": "Refactor api commands (#3168)",
        "file": "ComponentImpl.java",
        "lang": "java",
        "diff": [
         	" if (!calculateSubjectType(functionMetaData).equals(componentType)) {",
             	" log.error(\"\"{}/{}/{} is not a {}\"\", tenant, namespace, componentName, componentType);",
	" - return Response.status(Status.NOT_FOUND).type(MediaType.APPLICATION_JSON)",
	" - .entity(new ErrorData(String.format(componentType + \"\" %s doesn't exist\"\", componentName))).build();",
	" - }",
	" -",
	" - String retVal;",
	" - if (componentType.equals(FUNCTION)) {",
	" - FunctionConfig config = FunctionConfigUtils.convertFromDetails(functionMetaData.getFunctionDetails());",
	" - retVal = new Gson().toJson(config);",
	" - } else if (componentType.equals(SOURCE)) {",
	" - SourceConfig config = SourceConfigUtils.convertFromDetails(functionMetaData.getFunctionDetails());",
	" - retVal = new Gson().toJson(config);",
	" - } else {",
	" - SinkConfig config = SinkConfigUtils.convertFromDetails(functionMetaData.getFunctionDetails());",	
	" - retVal = new Gson().toJson(config);",
	" + throw new RestException(Status.NOT_FOUND, String.format(componentType + \"\" %s doesn't exist\"\", componentName));",
	" }",
	" - return Response.status(Status.OK).entity(retVal).build();",
	" + FunctionConfig config = FunctionConfigUtils.convertFromDetails(functionMetaData.getFunctionDetails());",
	" + return config;"
        ]
      }
    }
  ]
}