{
  "code": "",
  "email": "jerry.boyang.peng@gmail.com",
  "name": "Boyang Jerry Peng",
  "project": "Apache/Pulsar",
  "first_commit": "2017",
  "cqs": [
    {
      "td_type": "Design Debt",
      "td_issue": "String literals should not be duplicated",
      "commit": {
        "hash": "d4794bd5e100a946780ff562bf45ef44a7dc5281",
        "msg": "fixing and refactoring function status (#3102), * fixing and refactoring function status, * further refactoring, * cleaning up",
        "file": "FunctionsImplBase.java",
        "lang": "java",
        "diff": [
        	" - FunctionMetaDataManager functionMetaDataManager = worker().getFunctionMetaDataManager();",
        	" - if (!functionMetaDataManager.containsFunction(tenant, namespace, componentName)) {",
            	" - log.error(\"\"{} in get {} Status does not exist @ /{}/{}/{}\"\", componentType, componentType, tenant, namespace, componentName);",
            	" - throw new RestException(Status.NOT_FOUND, String.format(\"\"%s %s doesn't exist\"\", componentType, componentName));",
        	" - }",
        	" - FunctionMetaData functionMetaData = functionMetaDataManager.getFunctionMetaData(tenant, namespace, componentName);",
        	" - if (!calculateSubjectType(functionMetaData).equals(componentType)) {",
            	" - log.error(\"\"{}/{}/{} is not a {}\"\", tenant, namespace, componentName, componentType);",
            	" - throw new RestException(Status.NOT_FOUND, String.format(\"\"%s %s doesn't exist\"\", componentType, componentName));",
        	" - }"
        ]
      }
    },
    {
      "td_type": "Defect Debt",
      "td_issue": "Generic exceptions should never be thrown",
      "commit": {
        "hash": "6be584f6a35e727377f0bc0968de57c50478164d",
        "msg": "improving source and sink validation (#1897)",
        "file": "ValidatorImpls.java",
        "lang": "java",
        "diff": [
            	" } catch (ClassNotFoundException e) {",
                " - throw new RuntimeException(e);",
                " + throw new IllegalArgumentException(\"\"Cannot find/load class \"\" + className);",
            	" }"
        ]
      }
    },
    {
      "td_type": "Code Debt",
      "td_issue": "Methods should not have too many parameters",
      "commit": {
        "hash": "a514ec7525c1190adc2614fec012e3c3f4e03928",
        "msg": "remove function details from v3 function endpoints (#3271)",
        "file": "FunctionApiV3Resource.java",
        "lang": "java",
        "diff": [
        	" functions.updateFunction(tenant, namespace, functionName, uploadedInputStream, fileDetail,",
                " - functionPkgUrl, functionDetailsJson, functionConfigJson, clientAppId());",
                " + functionPkgUrl, null, functionConfigJson, clientAppId());"
        ]
      }
    }
  ]
}